seat_id,room_id,floor_id,building_id,seat_number,seat_type,status,assigned_employee_id,x_position,y_position,created_at,updated_at,deleted_at
f8eef7c3-302d-4758-b61c-d1d314d4b8c6,502d876c-516e-4809-98c9-e32621c957bb,add48e1e-3ab7-4842-959c-0f730d18691b,843e4f84-0af5-4dad-9a8a-060f6929dbae,Seat 1,assigned,available,,,,2026-04-20T11:16:17.412743Z,2026-04-20T11:16:17.412743Z,
7ec8d931-3bc6-49ee-bea1-fe91f74c44a1,502d876c-516e-4809-98c9-e32621c957bb,add48e1e-3ab7-4842-959c-0f730d18691b,843e4f84-0af5-4dad-9a8a-060f6929dbae,Seat 2,assigned,available,,,,2026-04-20T11:16:17.412743Z,2026-04-20T11:16:17.412743Z,
1a0a9d4d-8352-436b-8962-19756dfb2c10,502d876c-516e-4809-98c9-e32621c957bb,add48e1e-3ab7-4842-959c-0f730d18691b,843e4f84-0af5-4dad-9a8a-060f6929dbae,Seat 3,assigned,available,,,,2026-04-20T11:16:17.412743Z,2026-04-20T11:16:17.412743Z,
5e59ecdb-f498-4c07-89da-990ad24c776b,502d876c-516e-4809-98c9-e32621c957bb,add48e1e-3ab7-4842-959c-0f730d18691b,843e4f84-0af5-4dad-9a8a-060f6929dbae,Seat 4,assigned,available,,,,2026-04-20T11:16:17.412743Z,2026-04-20T11:16:17.412743Z,
5c30fd49-5e82-4c3c-a74f-08b9f6f61537,502d876c-516e-4809-98c9-e32621c957bb,add48e1e-3ab7-4842-959c-0f730d18691b,843e4f84-0af5-4dad-9a8a-060f6929dbae,Seat 5,assigned,available,,,,2026-04-20T11:16:17.412743Z,2026-04-20T11:16:17.412743Z,
e4c94a01-5fc1-43f2-bcf8-48b205cfb782,502d876c-516e-4809-98c9-e32621c957bb,add48e1e-3ab7-4842-959c-0f730d18691b,843e4f84-0af5-4dad-9a8a-060f6929dbae,Seat 6,assigned,available,,,,2026-04-20T11:16:17.412743Z,2026-04-20T11:16:17.412743Z,
3c7e423c-69ff-4e36-af95-ec2d8d339270,502d876c-516e-4809-98c9-e32621c957bb,add48e1e-3ab7-4842-959c-0f730d18691b,843e4f84-0af5-4dad-9a8a-060f6929dbae,Seat 7,assigned,available,,,,2026-04-20T11:16:17.412743Z,2026-04-20T11:16:17.412743Z,
a2c5c0a1-c93c-4951-81d1-96c81e454c39,502d876c-516e-4809-98c9-e32621c957bb,add48e1e-3ab7-4842-959c-0f730d18691b,843e4f84-0af5-4dad-9a8a-060f6929dbae,Seat 8,assigned,available,,,,2026-04-20T11:16:17.412743Z,2026-04-20T11:16:17.412743Z,
d8b6ac99-e86f-4c9a-a971-edf22ba3f3df,502d876c-516e-4809-98c9-e32621c957bb,add48e1e-3ab7-4842-959c-0f730d18691b,843e4f84-0af5-4dad-9a8a-060f6929dbae,Seat 9,assigned,available,,,,2026-04-20T11:16:17.412743Z,2026-04-20T11:16:17.412743Z,
6cd55983-ab63-4298-9257-55846dd6f127,502d876c-516e-4809-98c9-e32621c957bb,add48e1e-3ab7-4842-959c-0f730d18691b,843e4f84-0af5-4dad-9a8a-060f6929dbae,Seat 10,assigned,available,,,,2026-04-20T11:16:17.412743Z,2026-04-20T11:16:17.412743Z,
18f591cc-ea93-456f-bfde-b0dd9023896c,502d876c-516e-4809-98c9-e32621c957bb,add48e1e-3ab7-4842-959c-0f730d18691b,843e4f84-0af5-4dad-9a8a-060f6929dbae,Seat 11,assigned,available,,,,2026-04-20T11:16:17.412743Z,2026-04-20T11:16:17.412743Z,
de81cf69-22e6-47a7-bde4-65547eec0a14,502d876c-516e-4809-98c9-e32621c957bb,add48e1e-3ab7-4842-959c-0f730d18691b,843e4f84-0af5-4dad-9a8a-060f6929dbae,Seat 12,assigned,available,,,,2026-04-20T11:16:17.412743Z,2026-04-20T11:16:17.412743Z,
d8fed46d-dc29-484a-89a4-cee07396efa3,502d876c-516e-4809-98c9-e32621c957bb,add48e1e-3ab7-4842-959c-0f730d18691b,843e4f84-0af5-4dad-9a8a-060f6929dbae,Seat 13,assigned,available,,,,2026-04-20T11:16:17.412743Z,2026-04-20T11:16:17.412743Z,
11cff6c3-c720-470e-b408-1d71252f0ad1,502d876c-516e-4809-98c9-e32621c957bb,add48e1e-3ab7-4842-959c-0f730d18691b,843e4f84-0af5-4dad-9a8a-060f6929dbae,Seat 14,assigned,available,,,,2026-04-20T11:16:17.412743Z,2026-04-20T11:16:17.412743Z,
4cf40872-a9d7-4739-b5e2-743f2b916312,502d876c-516e-4809-98c9-e32621c957bb,add48e1e-3ab7-4842-959c-0f730d18691b,843e4f84-0af5-4dad-9a8a-060f6929dbae,Seat 15,assigned,available,,,,2026-04-20T11:16:17.412743Z,2026-04-20T11:16:17.412743Z,
b5a6cce2-262e-4a0a-8822-f87099e28552,502d876c-516e-4809-98c9-e32621c957bb,add48e1e-3ab7-4842-959c-0f730d18691b,843e4f84-0af5-4dad-9a8a-060f6929dbae,Seat 16,assigned,available,,,,2026-04-20T11:16:17.412743Z,2026-04-20T11:16:17.412743Z,
b6cf6a19-e960-4b1c-a8f0-ce651618f421,033b077e-4528-4b40-b32a-18071b864eac,add48e1e-3ab7-4842-959c-0f730d18691b,843e4f84-0af5-4dad-9a8a-060f6929dbae,Seat 1,assigned,available,,,,2026-04-20T11:16:17.412743Z,2026-04-20T11:16:17.412743Z,
38aa8d9e-9283-48d9-aa05-16f28fa9294b,033b077e-4528-4b40-b32a-18071b864eac,add48e1e-3ab7-4842-959c-0f730d18691b,843e4f84-0af5-4dad-9a8a-060f6929dbae,Seat 2,assigned,available,,,,2026-04-20T11:16:17.412743Z,2026-04-20T11:16:17.412743Z,
37477313-151b-4c7c-baa1-a53dfe3ea734,033b077e-4528-4b40-b32a-18071b864eac,add48e1e-3ab7-4842-959c-0f730d18691b,843e4f84-0af5-4dad-9a8a-060f6929dbae,Seat 3,assigned,available,,,,2026-04-20T11:16:17.412743Z,2026-04-20T11:16:17.412743Z,
2015ca96-3971-4c35-8119-75543acf5405,033b077e-4528-4b40-b32a-18071b864eac,add48e1e-3ab7-4842-959c-0f730d18691b,843e4f84-0af5-4dad-9a8a-060f6929dbae,Seat 4,assigned,available,,,,2026-04-20T11:16:17.412743Z,2026-04-20T11:16:17.412743Z,
03410399-c0ea-459b-95eb-1214b5324d24,033b077e-4528-4b40-b32a-18071b864eac,add48e1e-3ab7-4842-959c-0f730d18691b,843e4f84-0af5-4dad-9a8a-060f6929dbae,Seat 5,assigned,available,,,,2026-04-20T11:16:17.412743Z,2026-04-20T11:16:17.412743Z,
3d3d86e2-42ce-4474-b434-06fe9c0d0448,033b077e-4528-4b40-b32a-18071b864eac,add48e1e-3ab7-4842-959c-0f730d18691b,843e4f84-0af5-4dad-9a8a-060f6929dbae,Seat 6,assigned,available,,,,2026-04-20T11:16:17.412743Z,2026-04-20T11:16:17.412743Z,
b4c3e1a3-380c-4110-a305-75325e2dd15c,033b077e-4528-4b40-b32a-18071b864eac,add48e1e-3ab7-4842-959c-0f730d18691b,843e4f84-0af5-4dad-9a8a-060f6929dbae,Seat 7,assigned,available,,,,2026-04-20T11:16:17.412743Z,2026-04-20T11:16:17.412743Z,
e7e3a5a1-3dee-476e-9dff-c7fbc458bf6c,033b077e-4528-4b40-b32a-18071b864eac,add48e1e-3ab7-4842-959c-0f730d18691b,843e4f84-0af5-4dad-9a8a-060f6929dbae,Seat 8,assigned,available,,,,2026-04-20T11:16:17.412743Z,2026-04-20T11:16:17.412743Z,
15ddf08a-c4ed-4f6d-8283-81a370117066,033b077e-4528-4b40-b32a-18071b864eac,add48e1e-3ab7-4842-959c-0f730d18691b,843e4f84-0af5-4dad-9a8a-060f6929dbae,Seat 9,assigned,available,,,,2026-04-20T11:16:17.412743Z,2026-04-20T11:16:17.412743Z,
2b22addf-6721-4b16-8870-b039a0f57ebb,033b077e-4528-4b40-b32a-18071b864eac,add48e1e-3ab7-4842-959c-0f730d18691b,843e4f84-0af5-4dad-9a8a-060f6929dbae,Seat 10,assigned,available,,,,2026-04-20T11:16:17.412743Z,2026-04-20T11:16:17.412743Z,
c286c4e8-b7f4-4237-a47c-0343d235e176,033b077e-4528-4b40-b32a-18071b864eac,add48e1e-3ab7-4842-959c-0f730d18691b,843e4f84-0af5-4dad-9a8a-060f6929dbae,Seat 11,assigned,available,,,,2026-04-20T11:16:17.412743Z,2026-04-20T11:16:17.412743Z,
57bf02f2-3e36-4f52-b833-4b575fe84827,033b077e-4528-4b40-b32a-18071b864eac,add48e1e-3ab7-4842-959c-0f730d18691b,843e4f84-0af5-4dad-9a8a-060f6929dbae,Seat 12,assigned,available,,,,2026-04-20T11:16:17.412743Z,2026-04-20T11:16:17.412743Z,
ef5e5df6-704d-4535-baac-a240432c6754,033b077e-4528-4b40-b32a-18071b864eac,add48e1e-3ab7-4842-959c-0f730d18691b,843e4f84-0af5-4dad-9a8a-060f6929dbae,Seat 13,assigned,available,,,,2026-04-20T11:16:17.412743Z,2026-04-20T11:16:17.412743Z,
8b813b9d-ad8d-414b-a27b-68166ccaa418,033b077e-4528-4b40-b32a-18071b864eac,add48e1e-3ab7-4842-959c-0f730d18691b,843e4f84-0af5-4dad-9a8a-060f6929dbae,Seat 14,assigned,available,,,,2026-04-20T11:16:17.412743Z,2026-04-20T11:16:17.412743Z,
b93e0f16-0c91-49bb-a7f0-a463af847f13,033b077e-4528-4b40-b32a-18071b864eac,add48e1e-3ab7-4842-959c-0f730d18691b,843e4f84-0af5-4dad-9a8a-060f6929dbae,Seat 15,assigned,available,,,,2026-04-20T11:16:17.412743Z,2026-04-20T11:16:17.412743Z,
c91175b8-d006-4148-8b4e-98fe86173f8b,033b077e-4528-4b40-b32a-18071b864eac,add48e1e-3ab7-4842-959c-0f730d18691b,843e4f84-0af5-4dad-9a8a-060f6929dbae,Seat 16,assigned,available,,,,2026-04-20T11:16:17.412743Z,2026-04-20T11:16:17.412743Z,
7c7ca598-863c-4ec1-99a5-17f403b9800f,4a93200b-ebf9-454d-9a67-0a81c2cfdf4d,add48e1e-3ab7-4842-959c-0f730d18691b,843e4f84-0af5-4dad-9a8a-060f6929dbae,Seat 1,assigned,available,,,,2026-04-20T11:16:17.412743Z,2026-04-20T11:16:17.412743Z,
071486ae-3492-49fe-9ffe-184ac680abb0,4a93200b-ebf9-454d-9a67-0a81c2cfdf4d,add48e1e-3ab7-4842-959c-0f730d18691b,843e4f84-0af5-4dad-9a8a-060f6929dbae,Seat 2,assigned,available,,,,2026-04-20T11:16:17.412743Z,2026-04-20T11:16:17.412743Z,
a80f3c56-39d1-48c9-aa1d-377462b6acf7,4a93200b-ebf9-454d-9a67-0a81c2cfdf4d,add48e1e-3ab7-4842-959c-0f730d18691b,843e4f84-0af5-4dad-9a8a-060f6929dbae,Seat 3,assigned,available,,,,2026-04-20T11:16:17.412743Z,2026-04-20T11:16:17.412743Z,
eb1aea0a-8b29-4b07-8ead-358ea514a96b,4a93200b-ebf9-454d-9a67-0a81c2cfdf4d,add48e1e-3ab7-4842-959c-0f730d18691b,843e4f84-0af5-4dad-9a8a-060f6929dbae,Seat 4,assigned,available,,,,2026-04-20T11:16:17.412743Z,2026-04-20T11:16:17.412743Z,
28e3992c-c85f-44bc-8744-2908b6cfa83a,4a93200b-ebf9-454d-9a67-0a81c2cfdf4d,add48e1e-3ab7-4842-959c-0f730d18691b,843e4f84-0af5-4dad-9a8a-060f6929dbae,Seat 5,assigned,available,,,,2026-04-20T11:16:17.412743Z,2026-04-20T11:16:17.412743Z,
ee646c25-0caa-4700-9b77-e9a054b24d82,4a93200b-ebf9-454d-9a67-0a81c2cfdf4d,add48e1e-3ab7-4842-959c-0f730d18691b,843e4f84-0af5-4dad-9a8a-060f6929dbae,Seat 6,assigned,available,,,,2026-04-20T11:16:17.412743Z,2026-04-20T11:16:17.412743Z,
f8751084-bd91-4038-bd35-f8ac1ac47a7f,4a93200b-ebf9-454d-9a67-0a81c2cfdf4d,add48e1e-3ab7-4842-959c-0f730d18691b,843e4f84-0af5-4dad-9a8a-060f6929dbae,Seat 7,assigned,available,,,,2026-04-20T11:16:17.412743Z,2026-04-20T11:16:17.412743Z,
ca0d0688-2c46-42e6-91ed-4becfd87bfa6,4a93200b-ebf9-454d-9a67-0a81c2cfdf4d,add48e1e-3ab7-4842-959c-0f730d18691b,843e4f84-0af5-4dad-9a8a-060f6929dbae,Seat 8,assigned,available,,,,2026-04-20T11:16:17.412743Z,2026-04-20T11:16:17.412743Z,
d5302ad7-3df9-40bf-b313-954f30a269d5,4a93200b-ebf9-454d-9a67-0a81c2cfdf4d,add48e1e-3ab7-4842-959c-0f730d18691b,843e4f84-0af5-4dad-9a8a-060f6929dbae,Seat 9,assigned,available,,,,2026-04-20T11:16:17.412743Z,2026-04-20T11:16:17.412743Z,
3236f852-7994-4240-a29a-11435a42eb18,4a93200b-ebf9-454d-9a67-0a81c2cfdf4d,add48e1e-3ab7-4842-959c-0f730d18691b,843e4f84-0af5-4dad-9a8a-060f6929dbae,Seat 10,assigned,available,,,,2026-04-20T11:16:17.412743Z,2026-04-20T11:16:17.412743Z,
9ab5522f-ef88-492e-a3d4-b9f8cc742164,4a93200b-ebf9-454d-9a67-0a81c2cfdf4d,add48e1e-3ab7-4842-959c-0f730d18691b,843e4f84-0af5-4dad-9a8a-060f6929dbae,Seat 11,assigned,available,,,,2026-04-20T11:16:17.412743Z,2026-04-20T11:16:17.412743Z,
e55cdbab-9c4c-42a7-bf34-0096f06fdaa0,4a93200b-ebf9-454d-9a67-0a81c2cfdf4d,add48e1e-3ab7-4842-959c-0f730d18691b,843e4f84-0af5-4dad-9a8a-060f6929dbae,Seat 12,assigned,available,,,,2026-04-20T11:16:17.412743Z,2026-04-20T11:16:17.412743Z,
1825b5ac-af12-4aec-8ce0-122d330b6b62,ec4f706a-af6c-4dbd-9b2a-5f0681c5b9db,add48e1e-3ab7-4842-959c-0f730d18691b,843e4f84-0af5-4dad-9a8a-060f6929dbae,Seat 1,assigned,available,,,,2026-04-20T11:16:17.412743Z,2026-04-20T11:16:17.412743Z,
7463a3cc-eadd-45e8-869e-99f9c8f1d1a2,ec4f706a-af6c-4dbd-9b2a-5f0681c5b9db,add48e1e-3ab7-4842-959c-0f730d18691b,843e4f84-0af5-4dad-9a8a-060f6929dbae,Seat 2,assigned,available,,,,2026-04-20T11:16:17.412743Z,2026-04-20T11:16:17.412743Z,
0b3f6250-444e-4e4e-a150-bcddcb9e1bc7,ec4f706a-af6c-4dbd-9b2a-5f0681c5b9db,add48e1e-3ab7-4842-959c-0f730d18691b,843e4f84-0af5-4dad-9a8a-060f6929dbae,Seat 3,assigned,available,,,,2026-04-20T11:16:17.412743Z,2026-04-20T11:16:17.412743Z,
c16a1eff-ea03-4229-a15e-53f797238e7f,ec4f706a-af6c-4dbd-9b2a-5f0681c5b9db,add48e1e-3ab7-4842-959c-0f730d18691b,843e4f84-0af5-4dad-9a8a-060f6929dbae,Seat 4,assigned,available,,,,2026-04-20T11:16:17.412743Z,2026-04-20T11:16:17.412743Z,
daf6b15e-5d9a-4fe5-aaf0-1ddfcc1fc8b9,ec4f706a-af6c-4dbd-9b2a-5f0681c5b9db,add48e1e-3ab7-4842-959c-0f730d18691b,843e4f84-0af5-4dad-9a8a-060f6929dbae,Seat 5,assigned,available,,,,2026-04-20T11:16:17.412743Z,2026-04-20T11:16:17.412743Z,
7d76f803-b62d-4099-841e-4eaf98c747fe,ec4f706a-af6c-4dbd-9b2a-5f0681c5b9db,add48e1e-3ab7-4842-959c-0f730d18691b,843e4f84-0af5-4dad-9a8a-060f6929dbae,Seat 6,assigned,available,,,,2026-04-20T11:16:17.412743Z,2026-04-20T11:16:17.412743Z,
437ac809-cb25-4b9c-adb1-e8841bc2101a,ec4f706a-af6c-4dbd-9b2a-5f0681c5b9db,add48e1e-3ab7-4842-959c-0f730d18691b,843e4f84-0af5-4dad-9a8a-060f6929dbae,Seat 7,assigned,available,,,,2026-04-20T11:16:17.412743Z,2026-04-20T11:16:17.412743Z,
c98eeff8-3b47-4cbd-8a2a-deaf9ca94ce6,ec4f706a-af6c-4dbd-9b2a-5f0681c5b9db,add48e1e-3ab7-4842-959c-0f730d18691b,843e4f84-0af5-4dad-9a8a-060f6929dbae,Seat 8,assigned,available,,,,2026-04-20T11:16:17.412743Z,2026-04-20T11:16:17.412743Z,
5fa2e1b4-0eab-42af-b077-5b37e7205715,ec4f706a-af6c-4dbd-9b2a-5f0681c5b9db,add48e1e-3ab7-4842-959c-0f730d18691b,843e4f84-0af5-4dad-9a8a-060f6929dbae,Seat 9,assigned,available,,,,2026-04-20T11:16:17.412743Z,2026-04-20T11:16:17.412743Z,
96b2fc7f-4f04-4d7b-8b19-157d6373bbf1,ec4f706a-af6c-4dbd-9b2a-5f0681c5b9db,add48e1e-3ab7-4842-959c-0f730d18691b,843e4f84-0af5-4dad-9a8a-060f6929dbae,Seat 10,assigned,available,,,,2026-04-20T11:16:17.412743Z,2026-04-20T11:16:17.412743Z,
14e7cab7-00d3-49c5-8e41-e46023b4f85b,ec4f706a-af6c-4dbd-9b2a-5f0681c5b9db,add48e1e-3ab7-4842-959c-0f730d18691b,843e4f84-0af5-4dad-9a8a-060f6929dbae,Seat 11,assigned,available,,,,2026-04-20T11:16:17.412743Z,2026-04-20T11:16:17.412743Z,
5adf6122-d230-4d08-ab24-39c411975109,ec4f706a-af6c-4dbd-9b2a-5f0681c5b9db,add48e1e-3ab7-4842-959c-0f730d18691b,843e4f84-0af5-4dad-9a8a-060f6929dbae,Seat 12,assigned,available,,,,2026-04-20T11:16:17.412743Z,2026-04-20T11:16:17.412743Z,
180364ee-df0b-4cb8-b257-0e2bc0cbf138,1c33035f-9fd7-4ad0-a710-ac42bb995463,add48e1e-3ab7-4842-959c-0f730d18691b,843e4f84-0af5-4dad-9a8a-060f6929dbae,Seat 1,assigned,available,,,,2026-04-20T11:16:17.412743Z,2026-04-20T11:16:17.412743Z,
16aaf521-0004-4c17-8754-1fe8ab6e2892,1c33035f-9fd7-4ad0-a710-ac42bb995463,add48e1e-3ab7-4842-959c-0f730d18691b,843e4f84-0af5-4dad-9a8a-060f6929dbae,Seat 2,assigned,available,,,,2026-04-20T11:16:17.412743Z,2026-04-20T11:16:17.412743Z,
785caf6e-34ef-470e-9e12-956b21d8b393,1c33035f-9fd7-4ad0-a710-ac42bb995463,add48e1e-3ab7-4842-959c-0f730d18691b,843e4f84-0af5-4dad-9a8a-060f6929dbae,Seat 3,assigned,available,,,,2026-04-20T11:16:17.412743Z,2026-04-20T11:16:17.412743Z,
73026aa0-3bf7-46ad-83e8-a43159e13277,1c33035f-9fd7-4ad0-a710-ac42bb995463,add48e1e-3ab7-4842-959c-0f730d18691b,843e4f84-0af5-4dad-9a8a-060f6929dbae,Seat 4,assigned,available,,,,2026-04-20T11:16:17.412743Z,2026-04-20T11:16:17.412743Z,
1b4abc66-6cac-4c58-976f-de00aa3ef27f,1c33035f-9fd7-4ad0-a710-ac42bb995463,add48e1e-3ab7-4842-959c-0f730d18691b,843e4f84-0af5-4dad-9a8a-060f6929dbae,Seat 5,assigned,available,,,,2026-04-20T11:16:17.412743Z,2026-04-20T11:16:17.412743Z,
38e44d20-4ed1-41e5-b390-2491ff64efaf,1c33035f-9fd7-4ad0-a710-ac42bb995463,add48e1e-3ab7-4842-959c-0f730d18691b,843e4f84-0af5-4dad-9a8a-060f6929dbae,Seat 6,assigned,available,,,,2026-04-20T11:16:17.412743Z,2026-04-20T11:16:17.412743Z,
0f9444d1-3c35-476f-b262-6190d9e0e9e9,1c33035f-9fd7-4ad0-a710-ac42bb995463,add48e1e-3ab7-4842-959c-0f730d18691b,843e4f84-0af5-4dad-9a8a-060f6929dbae,Seat 7,assigned,available,,,,2026-04-20T11:16:17.412743Z,2026-04-20T11:16:17.412743Z,
b2d66708-6237-4895-af67-dd5e29b74266,1c33035f-9fd7-4ad0-a710-ac42bb995463,add48e1e-3ab7-4842-959c-0f730d18691b,843e4f84-0af5-4dad-9a8a-060f6929dbae,Seat 8,assigned,available,,,,2026-04-20T11:16:17.412743Z,2026-04-20T11:16:17.412743Z,
df11a3e2-0ab5-4c48-8d62-d0938bead15b,1c33035f-9fd7-4ad0-a710-ac42bb995463,add48e1e-3ab7-4842-959c-0f730d18691b,843e4f84-0af5-4dad-9a8a-060f6929dbae,Seat 9,assigned,available,,,,2026-04-20T11:16:17.412743Z,2026-04-20T11:16:17.412743Z,
bdde0ff1-cccf-48d3-9580-c40ad55f11e5,1c33035f-9fd7-4ad0-a710-ac42bb995463,add48e1e-3ab7-4842-959c-0f730d18691b,843e4f84-0af5-4dad-9a8a-060f6929dbae,Seat 10,assigned,available,,,,2026-04-20T11:16:17.412743Z,2026-04-20T11:16:17.412743Z,
dc700011-0cd5-4244-9af0-545298a8b460,1c33035f-9fd7-4ad0-a710-ac42bb995463,add48e1e-3ab7-4842-959c-0f730d18691b,843e4f84-0af5-4dad-9a8a-060f6929dbae,Seat 11,assigned,available,,,,2026-04-20T11:16:17.412743Z,2026-04-20T11:16:17.412743Z,
495721fc-cff3-4c01-8cf8-cf55d8f993bd,1c33035f-9fd7-4ad0-a710-ac42bb995463,add48e1e-3ab7-4842-959c-0f730d18691b,843e4f84-0af5-4dad-9a8a-060f6929dbae,Seat 12,assigned,available,,,,2026-04-20T11:16:17.412743Z,2026-04-20T11:16:17.412743Z,
83d840bc-ef8b-4062-9791-1578a7923683,1c33035f-9fd7-4ad0-a710-ac42bb995463,add48e1e-3ab7-4842-959c-0f730d18691b,843e4f84-0af5-4dad-9a8a-060f6929dbae,Seat 13,assigned,available,,,,2026-04-20T11:16:17.412743Z,2026-04-20T11:16:17.412743Z,
3dcf99bc-38dc-43dd-9c5f-b7e7dd3fbc43,1c33035f-9fd7-4ad0-a710-ac42bb995463,add48e1e-3ab7-4842-959c-0f730d18691b,843e4f84-0af5-4dad-9a8a-060f6929dbae,Seat 14,assigned,available,,,,2026-04-20T11:16:17.412743Z,2026-04-20T11:16:17.412743Z,
05677082-09f5-46f4-bd63-67fe49b1f9ae,1c33035f-9fd7-4ad0-a710-ac42bb995463,add48e1e-3ab7-4842-959c-0f730d18691b,843e4f84-0af5-4dad-9a8a-060f6929dbae,Seat 15,assigned,available,,,,2026-04-20T11:16:17.412743Z,2026-04-20T11:16:17.412743Z,
5b92b645-7759-4dc6-9b1c-083ce435a4ae,ec0afe81-f51b-47fc-ad62-2eabc5cec093,add48e1e-3ab7-4842-959c-0f730d18691b,843e4f84-0af5-4dad-9a8a-060f6929dbae,Seat 1,assigned,available,,,,2026-04-20T11:16:17.412743Z,2026-04-20T11:16:17.412743Z,
fb7c7866-ac87-4dfd-b61f-ae464b609e0d,ec0afe81-f51b-47fc-ad62-2eabc5cec093,add48e1e-3ab7-4842-959c-0f730d18691b,843e4f84-0af5-4dad-9a8a-060f6929dbae,Seat 2,assigned,available,,,,2026-04-20T11:16:17.412743Z,2026-04-20T11:16:17.412743Z,
f24e0981-f585-4782-9df6-dd20bee24808,ec0afe81-f51b-47fc-ad62-2eabc5cec093,add48e1e-3ab7-4842-959c-0f730d18691b,843e4f84-0af5-4dad-9a8a-060f6929dbae,Seat 3,assigned,available,,,,2026-04-20T11:16:17.412743Z,2026-04-20T11:16:17.412743Z,
8defc296-4721-47a6-95f7-cd8726656c32,ec0afe81-f51b-47fc-ad62-2eabc5cec093,add48e1e-3ab7-4842-959c-0f730d18691b,843e4f84-0af5-4dad-9a8a-060f6929dbae,Seat 4,assigned,available,,,,2026-04-20T11:16:17.412743Z,2026-04-20T11:16:17.412743Z,
f749bbdd-867d-482d-82e3-e2c37834c5fc,ec0afe81-f51b-47fc-ad62-2eabc5cec093,add48e1e-3ab7-4842-959c-0f730d18691b,843e4f84-0af5-4dad-9a8a-060f6929dbae,Seat 5,assigned,available,,,,2026-04-20T11:16:17.412743Z,2026-04-20T11:16:17.412743Z,
b9a940f8-167a-445f-9eea-a04d6a1a078a,ec0afe81-f51b-47fc-ad62-2eabc5cec093,add48e1e-3ab7-4842-959c-0f730d18691b,843e4f84-0af5-4dad-9a8a-060f6929dbae,Seat 6,assigned,available,,,,2026-04-20T11:16:17.412743Z,2026-04-20T11:16:17.412743Z,
406f322e-78cf-424e-9621-46814f8b9858,ec0afe81-f51b-47fc-ad62-2eabc5cec093,add48e1e-3ab7-4842-959c-0f730d18691b,843e4f84-0af5-4dad-9a8a-060f6929dbae,Seat 7,assigned,available,,,,2026-04-20T11:16:17.412743Z,2026-04-20T11:16:17.412743Z,
1739195b-508d-4f48-9ba6-de7ad9fce9f4,ec0afe81-f51b-47fc-ad62-2eabc5cec093,add48e1e-3ab7-4842-959c-0f730d18691b,843e4f84-0af5-4dad-9a8a-060f6929dbae,Seat 8,assigned,available,,,,2026-04-20T11:16:17.412743Z,2026-04-20T11:16:17.412743Z,
50c47006-9d77-4a30-8d90-a2be52b27150,ec0afe81-f51b-47fc-ad62-2eabc5cec093,add48e1e-3ab7-4842-959c-0f730d18691b,843e4f84-0af5-4dad-9a8a-060f6929dbae,Seat 9,assigned,available,,,,2026-04-20T11:16:17.412743Z,2026-04-20T11:16:17.412743Z,
8941ef21-e6c4-40df-b0f4-f3fb7489ada5,ec0afe81-f51b-47fc-ad62-2eabc5cec093,add48e1e-3ab7-4842-959c-0f730d18691b,843e4f84-0af5-4dad-9a8a-060f6929dbae,Seat 10,assigned,available,,,,2026-04-20T11:16:17.412743Z,2026-04-20T11:16:17.412743Z,
1fb01bed-f7fc-4ee1-8a4c-596c3a286bea,ec0afe81-f51b-47fc-ad62-2eabc5cec093,add48e1e-3ab7-4842-959c-0f730d18691b,843e4f84-0af5-4dad-9a8a-060f6929dbae,Seat 11,assigned,available,,,,2026-04-20T11:16:17.412743Z,2026-04-20T11:16:17.412743Z,
7f28bce6-2435-40a1-980c-2d7a4907aef3,ec0afe81-f51b-47fc-ad62-2eabc5cec093,add48e1e-3ab7-4842-959c-0f730d18691b,843e4f84-0af5-4dad-9a8a-060f6929dbae,Seat 12,assigned,available,,,,2026-04-20T11:16:17.412743Z,2026-04-20T11:16:17.412743Z,
ba3b8848-abee-4a8e-894b-5bc0368fcf0e,ec0afe81-f51b-47fc-ad62-2eabc5cec093,add48e1e-3ab7-4842-959c-0f730d18691b,843e4f84-0af5-4dad-9a8a-060f6929dbae,Seat 13,assigned,available,,,,2026-04-20T11:16:17.412743Z,2026-04-20T11:16:17.412743Z,
f692ef4f-aa3e-4ffd-b6d1-a24dfe99d164,ec0afe81-f51b-47fc-ad62-2eabc5cec093,add48e1e-3ab7-4842-959c-0f730d18691b,843e4f84-0af5-4dad-9a8a-060f6929dbae,Seat 14,assigned,available,,,,2026-04-20T11:16:17.412743Z,2026-04-20T11:16:17.412743Z,
510086c0-5806-4d9f-b72a-f82c8f328bdf,a0a98965-073a-4c20-bc8b-8f7b8a91c0f8,275999e1-9640-4156-832a-94c0ed1c9f39,f20dc9f0-8f6d-4670-9397-c4aa35252e4b,Seat 1,assigned,available,,,,2026-04-20T11:16:17.412743Z,2026-04-20T11:16:17.412743Z,
90ef0e75-aa96-4676-8968-3a0a52472ff9,a0a98965-073a-4c20-bc8b-8f7b8a91c0f8,275999e1-9640-4156-832a-94c0ed1c9f39,f20dc9f0-8f6d-4670-9397-c4aa35252e4b,Seat 2,assigned,available,,,,2026-04-20T11:16:17.412743Z,2026-04-20T11:16:17.412743Z,
99a0cbe6-c01f-4be9-8720-cf96e078510c,a0a98965-073a-4c20-bc8b-8f7b8a91c0f8,275999e1-9640-4156-832a-94c0ed1c9f39,f20dc9f0-8f6d-4670-9397-c4aa35252e4b,Seat 3,assigned,available,,,,2026-04-20T11:16:17.412743Z,2026-04-20T11:16:17.412743Z,
c2d78b43-86ce-449c-9ad2-5fa706af83ff,a0a98965-073a-4c20-bc8b-8f7b8a91c0f8,275999e1-9640-4156-832a-94c0ed1c9f39,f20dc9f0-8f6d-4670-9397-c4aa35252e4b,Seat 4,assigned,available,,,,2026-04-20T11:16:17.412743Z,2026-04-20T11:16:17.412743Z,
cb11b257-2d33-4a10-be8e-f4facaafceea,a0a98965-073a-4c20-bc8b-8f7b8a91c0f8,275999e1-9640-4156-832a-94c0ed1c9f39,f20dc9f0-8f6d-4670-9397-c4aa35252e4b,Seat 5,assigned,available,,,,2026-04-20T11:16:17.412743Z,2026-04-20T11:16:17.412743Z,
ba3a8d34-7e5b-4147-b938-e95d1fe3bcf3,a0a98965-073a-4c20-bc8b-8f7b8a91c0f8,275999e1-9640-4156-832a-94c0ed1c9f39,f20dc9f0-8f6d-4670-9397-c4aa35252e4b,Seat 6,assigned,available,,,,2026-04-20T11:16:17.412743Z,2026-04-20T11:16:17.412743Z,
3ab311de-01ef-4c31-a4d8-e4f6c7558f68,a0a98965-073a-4c20-bc8b-8f7b8a91c0f8,275999e1-9640-4156-832a-94c0ed1c9f39,f20dc9f0-8f6d-4670-9397-c4aa35252e4b,Seat 7,assigned,available,,,,2026-04-20T11:16:17.412743Z,2026-04-20T11:16:17.412743Z,
24217a67-987b-4366-935b-d8b3669ef297,a0a98965-073a-4c20-bc8b-8f7b8a91c0f8,275999e1-9640-4156-832a-94c0ed1c9f39,f20dc9f0-8f6d-4670-9397-c4aa35252e4b,Seat 8,assigned,available,,,,2026-04-20T11:16:17.412743Z,2026-04-20T11:16:17.412743Z,
c6ae5519-332b-45e3-bb35-6a84064c8ece,a0a98965-073a-4c20-bc8b-8f7b8a91c0f8,275999e1-9640-4156-832a-94c0ed1c9f39,f20dc9f0-8f6d-4670-9397-c4aa35252e4b,Seat 9,assigned,available,,,,2026-04-20T11:16:17.412743Z,2026-04-20T11:16:17.412743Z,
a95425df-3414-4c79-973f-3c5cabc5b829,a0a98965-073a-4c20-bc8b-8f7b8a91c0f8,275999e1-9640-4156-832a-94c0ed1c9f39,f20dc9f0-8f6d-4670-9397-c4aa35252e4b,Seat 10,assigned,available,,,,2026-04-20T11:16:17.412743Z,2026-04-20T11:16:17.412743Z,
9418ce58-1849-4e1f-a167-156afb4bd5f9,a0a98965-073a-4c20-bc8b-8f7b8a91c0f8,275999e1-9640-4156-832a-94c0ed1c9f39,f20dc9f0-8f6d-4670-9397-c4aa35252e4b,Seat 11,assigned,available,,,,2026-04-20T11:16:17.412743Z,2026-04-20T11:16:17.412743Z,
940618e9-45f9-41d6-8913-85351fbb26f2,a0a98965-073a-4c20-bc8b-8f7b8a91c0f8,275999e1-9640-4156-832a-94c0ed1c9f39,f20dc9f0-8f6d-4670-9397-c4aa35252e4b,Seat 12,assigned,available,,,,2026-04-20T11:16:17.412743Z,2026-04-20T11:16:17.412743Z,
66056578-2115-4b28-9a5a-7ebd5f4634e0,a0a98965-073a-4c20-bc8b-8f7b8a91c0f8,275999e1-9640-4156-832a-94c0ed1c9f39,f20dc9f0-8f6d-4670-9397-c4aa35252e4b,Seat 13,assigned,available,,,,2026-04-20T11:16:17.412743Z,2026-04-20T11:16:17.412743Z,
a7462d4b-9a05-4f68-a0b1-9d8107c7899f,a0a98965-073a-4c20-bc8b-8f7b8a91c0f8,275999e1-9640-4156-832a-94c0ed1c9f39,f20dc9f0-8f6d-4670-9397-c4aa35252e4b,Seat 14,assigned,available,,,,2026-04-20T11:16:17.412743Z,2026-04-20T11:16:17.412743Z,
80bc3f0f-85ea-4479-af40-d3b473368cf3,a0a98965-073a-4c20-bc8b-8f7b8a91c0f8,275999e1-9640-4156-832a-94c0ed1c9f39,f20dc9f0-8f6d-4670-9397-c4aa35252e4b,Seat 15,assigned,available,,,,2026-04-20T11:16:17.412743Z,2026-04-20T11:16:17.412743Z,
f1dc85b4-515a-4023-b6e9-b3d6aa168654,a0a98965-073a-4c20-bc8b-8f7b8a91c0f8,275999e1-9640-4156-832a-94c0ed1c9f39,f20dc9f0-8f6d-4670-9397-c4aa35252e4b,Seat 16,assigned,available,,,,2026-04-20T11:16:17.412743Z,2026-04-20T11:16:17.412743Z,
80515158-2cdc-4840-8cfb-4af4af924c34,a0a98965-073a-4c20-bc8b-8f7b8a91c0f8,275999e1-9640-4156-832a-94c0ed1c9f39,f20dc9f0-8f6d-4670-9397-c4aa35252e4b,Seat 17,assigned,available,,,,2026-04-20T11:16:17.412743Z,2026-04-20T11:16:17.412743Z,
f48ba3b4-501a-475f-ac25-7b8e6d5c7484,a0a98965-073a-4c20-bc8b-8f7b8a91c0f8,275999e1-9640-4156-832a-94c0ed1c9f39,f20dc9f0-8f6d-4670-9397-c4aa35252e4b,Seat 18,assigned,available,,,,2026-04-20T11:16:17.412743Z,2026-04-20T11:16:17.412743Z,
4ada4707-0df4-4738-ba3b-dde810813c5b,a0a98965-073a-4c20-bc8b-8f7b8a91c0f8,275999e1-9640-4156-832a-94c0ed1c9f39,f20dc9f0-8f6d-4670-9397-c4aa35252e4b,Seat 19,assigned,available,,,,2026-04-20T11:16:17.412743Z,2026-04-20T11:16:17.412743Z,
a1dbf0aa-8e53-47dd-92b1-36800f58f2b4,a0a98965-073a-4c20-bc8b-8f7b8a91c0f8,275999e1-9640-4156-832a-94c0ed1c9f39,f20dc9f0-8f6d-4670-9397-c4aa35252e4b,Seat 20,assigned,available,,,,2026-04-20T11:16:17.412743Z,2026-04-20T11:16:17.412743Z,
4cf22761-6101-4e7e-a409-7a771498c263,a0a98965-073a-4c20-bc8b-8f7b8a91c0f8,275999e1-9640-4156-832a-94c0ed1c9f39,f20dc9f0-8f6d-4670-9397-c4aa35252e4b,Seat 21,assigned,available,,,,2026-04-20T11:16:17.412743Z,2026-04-20T11:16:17.412743Z,
a5773b82-88de-4175-8306-780d04a0c69f,a0a98965-073a-4c20-bc8b-8f7b8a91c0f8,275999e1-9640-4156-832a-94c0ed1c9f39,f20dc9f0-8f6d-4670-9397-c4aa35252e4b,Seat 22,assigned,available,,,,2026-04-20T11:16:17.412743Z,2026-04-20T11:16:17.412743Z,
f1dae348-ae3c-4c45-8c2a-07aa5f60c6a5,a0a98965-073a-4c20-bc8b-8f7b8a91c0f8,275999e1-9640-4156-832a-94c0ed1c9f39,f20dc9f0-8f6d-4670-9397-c4aa35252e4b,Seat 23,assigned,available,,,,2026-04-20T11:16:17.412743Z,2026-04-20T11:16:17.412743Z,
316c6c54-3972-44c7-a991-f7b511616a01,a0a98965-073a-4c20-bc8b-8f7b8a91c0f8,275999e1-9640-4156-832a-94c0ed1c9f39,f20dc9f0-8f6d-4670-9397-c4aa35252e4b,Seat 24,assigned,available,,,,2026-04-20T11:16:17.412743Z,2026-04-20T11:16:17.412743Z,
183167c8-c584-40d9-bf43-57ffe04c1239,a0a98965-073a-4c20-bc8b-8f7b8a91c0f8,275999e1-9640-4156-832a-94c0ed1c9f39,f20dc9f0-8f6d-4670-9397-c4aa35252e4b,Seat 25,assigned,available,,,,2026-04-20T11:16:17.412743Z,2026-04-20T11:16:17.412743Z,
6543a604-5472-4ba1-9be8-426cffcdceca,a0a98965-073a-4c20-bc8b-8f7b8a91c0f8,275999e1-9640-4156-832a-94c0ed1c9f39,f20dc9f0-8f6d-4670-9397-c4aa35252e4b,Seat 26,assigned,available,,,,2026-04-20T11:16:17.412743Z,2026-04-20T11:16:17.412743Z,
4cf66beb-1b5a-4005-8497-2a3ffd6d0feb,a0a98965-073a-4c20-bc8b-8f7b8a91c0f8,275999e1-9640-4156-832a-94c0ed1c9f39,f20dc9f0-8f6d-4670-9397-c4aa35252e4b,Seat 27,assigned,available,,,,2026-04-20T11:16:17.412743Z,2026-04-20T11:16:17.412743Z,
4e7aff02-b4e7-4577-9a6f-5a234fa04208,a0a98965-073a-4c20-bc8b-8f7b8a91c0f8,275999e1-9640-4156-832a-94c0ed1c9f39,f20dc9f0-8f6d-4670-9397-c4aa35252e4b,Seat 28,assigned,available,,,,2026-04-20T11:16:17.412743Z,2026-04-20T11:16:17.412743Z,
5f9dec3e-e32d-4b8f-810e-056096256c0c,a0a98965-073a-4c20-bc8b-8f7b8a91c0f8,275999e1-9640-4156-832a-94c0ed1c9f39,f20dc9f0-8f6d-4670-9397-c4aa35252e4b,Seat 29,assigned,available,,,,2026-04-20T11:16:17.412743Z,2026-04-20T11:16:17.412743Z,
9979e965-dd71-43f9-98b3-5ff8ca952ee7,a0a98965-073a-4c20-bc8b-8f7b8a91c0f8,275999e1-9640-4156-832a-94c0ed1c9f39,f20dc9f0-8f6d-4670-9397-c4aa35252e4b,Seat 30,assigned,available,,,,2026-04-20T11:16:17.412743Z,2026-04-20T11:16:17.412743Z,
e3eace5b-25d9-4fa6-9394-3becd8dd81cb,a0a98965-073a-4c20-bc8b-8f7b8a91c0f8,275999e1-9640-4156-832a-94c0ed1c9f39,f20dc9f0-8f6d-4670-9397-c4aa35252e4b,Seat 31,assigned,available,,,,2026-04-20T11:16:17.412743Z,2026-04-20T11:16:17.412743Z,
b026516d-1dae-4ec6-aa91-b7560bb16730,a0a98965-073a-4c20-bc8b-8f7b8a91c0f8,275999e1-9640-4156-832a-94c0ed1c9f39,f20dc9f0-8f6d-4670-9397-c4aa35252e4b,Seat 32,assigned,available,,,,2026-04-20T11:16:17.412743Z,2026-04-20T11:16:17.412743Z,
1e61f182-d3ae-46fc-87d4-33acb71fef38,a0a98965-073a-4c20-bc8b-8f7b8a91c0f8,275999e1-9640-4156-832a-94c0ed1c9f39,f20dc9f0-8f6d-4670-9397-c4aa35252e4b,Seat 33,assigned,available,,,,2026-04-20T11:16:17.412743Z,2026-04-20T11:16:17.412743Z,
a4772e50-5020-4ce8-994d-0d914d186702,a0a98965-073a-4c20-bc8b-8f7b8a91c0f8,275999e1-9640-4156-832a-94c0ed1c9f39,f20dc9f0-8f6d-4670-9397-c4aa35252e4b,Seat 34,assigned,available,,,,2026-04-20T11:16:17.412743Z,2026-04-20T11:16:17.412743Z,
8b12537e-8572-4f56-915b-9cc5a9dca2c9,a0a98965-073a-4c20-bc8b-8f7b8a91c0f8,275999e1-9640-4156-832a-94c0ed1c9f39,f20dc9f0-8f6d-4670-9397-c4aa35252e4b,Seat 35,assigned,available,,,,2026-04-20T11:16:17.412743Z,2026-04-20T11:16:17.412743Z,
1b91133f-4797-421a-982f-baa522c48bb7,a0a98965-073a-4c20-bc8b-8f7b8a91c0f8,275999e1-9640-4156-832a-94c0ed1c9f39,f20dc9f0-8f6d-4670-9397-c4aa35252e4b,Seat 36,assigned,available,,,,2026-04-20T11:16:17.412743Z,2026-04-20T11:16:17.412743Z,
b55c096c-8dba-4803-bbe3-c7773d52a915,a0a98965-073a-4c20-bc8b-8f7b8a91c0f8,275999e1-9640-4156-832a-94c0ed1c9f39,f20dc9f0-8f6d-4670-9397-c4aa35252e4b,Seat 37,assigned,available,,,,2026-04-20T11:16:17.412743Z,2026-04-20T11:16:17.412743Z,
e6cbadda-4feb-4d71-88d5-4e29c899f378,a0a98965-073a-4c20-bc8b-8f7b8a91c0f8,275999e1-9640-4156-832a-94c0ed1c9f39,f20dc9f0-8f6d-4670-9397-c4aa35252e4b,Seat 38,assigned,available,,,,2026-04-20T11:16:17.412743Z,2026-04-20T11:16:17.412743Z,
083047e5-4255-40fe-858a-fefb6e26c598,a0a98965-073a-4c20-bc8b-8f7b8a91c0f8,275999e1-9640-4156-832a-94c0ed1c9f39,f20dc9f0-8f6d-4670-9397-c4aa35252e4b,Seat 39,assigned,available,,,,2026-04-20T11:16:17.412743Z,2026-04-20T11:16:17.412743Z,
c417cc11-2f86-4b96-851b-258d2f2c517b,a0a98965-073a-4c20-bc8b-8f7b8a91c0f8,275999e1-9640-4156-832a-94c0ed1c9f39,f20dc9f0-8f6d-4670-9397-c4aa35252e4b,Seat 40,assigned,available,,,,2026-04-20T11:16:17.412743Z,2026-04-20T11:16:17.412743Z,
ddda2ee7-d1ac-450c-bb94-da700311c8ba,a0a98965-073a-4c20-bc8b-8f7b8a91c0f8,275999e1-9640-4156-832a-94c0ed1c9f39,f20dc9f0-8f6d-4670-9397-c4aa35252e4b,Seat 41,assigned,available,,,,2026-04-20T11:16:17.412743Z,2026-04-20T11:16:17.412743Z,
31c04671-c4ae-4829-9e7a-c2dc96de7e25,a0a98965-073a-4c20-bc8b-8f7b8a91c0f8,275999e1-9640-4156-832a-94c0ed1c9f39,f20dc9f0-8f6d-4670-9397-c4aa35252e4b,Seat 42,assigned,available,,,,2026-04-20T11:16:17.412743Z,2026-04-20T11:16:17.412743Z,
f235d995-833e-4eba-8a8b-456a5d972424,a0a98965-073a-4c20-bc8b-8f7b8a91c0f8,275999e1-9640-4156-832a-94c0ed1c9f39,f20dc9f0-8f6d-4670-9397-c4aa35252e4b,Seat 43,assigned,available,,,,2026-04-20T11:16:17.412743Z,2026-04-20T11:16:17.412743Z,
bb7e4b21-6a1e-4053-abd8-7f13b70f8d3f,a0a98965-073a-4c20-bc8b-8f7b8a91c0f8,275999e1-9640-4156-832a-94c0ed1c9f39,f20dc9f0-8f6d-4670-9397-c4aa35252e4b,Seat 44,assigned,available,,,,2026-04-20T11:16:17.412743Z,2026-04-20T11:16:17.412743Z,
b9f1ec83-8ce4-48a9-bfb5-aabffe2a9211,a0a98965-073a-4c20-bc8b-8f7b8a91c0f8,275999e1-9640-4156-832a-94c0ed1c9f39,f20dc9f0-8f6d-4670-9397-c4aa35252e4b,Seat 45,assigned,available,,,,2026-04-20T11:16:17.412743Z,2026-04-20T11:16:17.412743Z,
2aa270e9-1c3a-40f7-8892-a74517491d24,a0a98965-073a-4c20-bc8b-8f7b8a91c0f8,275999e1-9640-4156-832a-94c0ed1c9f39,f20dc9f0-8f6d-4670-9397-c4aa35252e4b,Seat 46,assigned,available,,,,2026-04-20T11:16:17.412743Z,2026-04-20T11:16:17.412743Z,
655de4d6-f093-4ad9-b192-f79348b7b4ae,a0a98965-073a-4c20-bc8b-8f7b8a91c0f8,275999e1-9640-4156-832a-94c0ed1c9f39,f20dc9f0-8f6d-4670-9397-c4aa35252e4b,Seat 47,assigned,available,,,,2026-04-20T11:16:17.412743Z,2026-04-20T11:16:17.412743Z,
8aa800c5-3f75-4781-9bdb-f2e9e004ddf6,a0a98965-073a-4c20-bc8b-8f7b8a91c0f8,275999e1-9640-4156-832a-94c0ed1c9f39,f20dc9f0-8f6d-4670-9397-c4aa35252e4b,Seat 48,assigned,available,,,,2026-04-20T11:16:17.412743Z,2026-04-20T11:16:17.412743Z,
5e5b488a-bd9e-47cd-b2e8-16952aad56c9,a0a98965-073a-4c20-bc8b-8f7b8a91c0f8,275999e1-9640-4156-832a-94c0ed1c9f39,f20dc9f0-8f6d-4670-9397-c4aa35252e4b,Seat 49,assigned,available,,,,2026-04-20T11:16:17.412743Z,2026-04-20T11:16:17.412743Z,
4775d86f-c361-4cd4-be4f-ea044a01df28,a0a98965-073a-4c20-bc8b-8f7b8a91c0f8,275999e1-9640-4156-832a-94c0ed1c9f39,f20dc9f0-8f6d-4670-9397-c4aa35252e4b,Seat 50,assigned,available,,,,2026-04-20T11:16:17.412743Z,2026-04-20T11:16:17.412743Z,
76d4105a-049d-4ead-9bf2-e9f3d635d11c,a0a98965-073a-4c20-bc8b-8f7b8a91c0f8,275999e1-9640-4156-832a-94c0ed1c9f39,f20dc9f0-8f6d-4670-9397-c4aa35252e4b,Seat 51,assigned,available,,,,2026-04-20T11:16:17.412743Z,2026-04-20T11:16:17.412743Z,
76bc7b45-2748-476a-895d-0f1c9864ed68,a0a98965-073a-4c20-bc8b-8f7b8a91c0f8,275999e1-9640-4156-832a-94c0ed1c9f39,f20dc9f0-8f6d-4670-9397-c4aa35252e4b,Seat 52,assigned,available,,,,2026-04-20T11:16:17.412743Z,2026-04-20T11:16:17.412743Z,
c7065b83-1b80-4181-90ed-1c9eb3d5641c,a0a98965-073a-4c20-bc8b-8f7b8a91c0f8,275999e1-9640-4156-832a-94c0ed1c9f39,f20dc9f0-8f6d-4670-9397-c4aa35252e4b,Seat 53,assigned,available,,,,2026-04-20T11:16:17.412743Z,2026-04-20T11:16:17.412743Z,
14a7401c-1995-4b19-a28e-80768a531c74,a0a98965-073a-4c20-bc8b-8f7b8a91c0f8,275999e1-9640-4156-832a-94c0ed1c9f39,f20dc9f0-8f6d-4670-9397-c4aa35252e4b,Seat 54,assigned,available,,,,2026-04-20T11:16:17.412743Z,2026-04-20T11:16:17.412743Z,
d9ecbca4-bf44-4b52-9f38-896a7db88c66,a0a98965-073a-4c20-bc8b-8f7b8a91c0f8,275999e1-9640-4156-832a-94c0ed1c9f39,f20dc9f0-8f6d-4670-9397-c4aa35252e4b,Seat 55,assigned,available,,,,2026-04-20T11:16:17.412743Z,2026-04-20T11:16:17.412743Z,
6269fda5-4be5-443b-9946-f297ea0390fd,a0a98965-073a-4c20-bc8b-8f7b8a91c0f8,275999e1-9640-4156-832a-94c0ed1c9f39,f20dc9f0-8f6d-4670-9397-c4aa35252e4b,Seat 56,assigned,available,,,,2026-04-20T11:16:17.412743Z,2026-04-20T11:16:17.412743Z,
515c89d5-6616-4adc-8700-1cde1dc5ef86,a0a98965-073a-4c20-bc8b-8f7b8a91c0f8,275999e1-9640-4156-832a-94c0ed1c9f39,f20dc9f0-8f6d-4670-9397-c4aa35252e4b,Seat 57,assigned,available,,,,2026-04-20T11:16:17.412743Z,2026-04-20T11:16:17.412743Z,
aafdb759-014d-48f1-9269-aaa542552da1,a0a98965-073a-4c20-bc8b-8f7b8a91c0f8,275999e1-9640-4156-832a-94c0ed1c9f39,f20dc9f0-8f6d-4670-9397-c4aa35252e4b,Seat 58,assigned,available,,,,2026-04-20T11:16:17.412743Z,2026-04-20T11:16:17.412743Z,
f041821d-1fad-4289-9d31-1168142a982b,a0a98965-073a-4c20-bc8b-8f7b8a91c0f8,275999e1-9640-4156-832a-94c0ed1c9f39,f20dc9f0-8f6d-4670-9397-c4aa35252e4b,Seat 59,assigned,available,,,,2026-04-20T11:16:17.412743Z,2026-04-20T11:16:17.412743Z,
6f0172f7-e979-4f3a-a9b5-6299a4e28e8f,a0a98965-073a-4c20-bc8b-8f7b8a91c0f8,275999e1-9640-4156-832a-94c0ed1c9f39,f20dc9f0-8f6d-4670-9397-c4aa35252e4b,Seat 60,assigned,available,,,,2026-04-20T11:16:17.412743Z,2026-04-20T11:16:17.412743Z,
6ccc3499-a6b1-4c7e-9b21-e2fc8d8dc48a,691fb72f-1b79-46b8-8d4d-b1db89a80041,275999e1-9640-4156-832a-94c0ed1c9f39,f20dc9f0-8f6d-4670-9397-c4aa35252e4b,Seat 1,assigned,available,,,,2026-04-20T11:16:17.412743Z,2026-04-20T11:16:17.412743Z,
29440ad4-3894-4ece-839a-ed8d37f7454c,691fb72f-1b79-46b8-8d4d-b1db89a80041,275999e1-9640-4156-832a-94c0ed1c9f39,f20dc9f0-8f6d-4670-9397-c4aa35252e4b,Seat 2,assigned,available,,,,2026-04-20T11:16:17.412743Z,2026-04-20T11:16:17.412743Z,
9c0021b5-8fc6-476c-a454-395d302a10d3,691fb72f-1b79-46b8-8d4d-b1db89a80041,275999e1-9640-4156-832a-94c0ed1c9f39,f20dc9f0-8f6d-4670-9397-c4aa35252e4b,Seat 3,assigned,available,,,,2026-04-20T11:16:17.412743Z,2026-04-20T11:16:17.412743Z,
783d40f0-52d1-492b-b11f-ad013a906c34,691fb72f-1b79-46b8-8d4d-b1db89a80041,275999e1-9640-4156-832a-94c0ed1c9f39,f20dc9f0-8f6d-4670-9397-c4aa35252e4b,Seat 4,assigned,available,,,,2026-04-20T11:16:17.412743Z,2026-04-20T11:16:17.412743Z,
28c2fcfe-eb86-4952-a0f5-e6292f2fbefe,691fb72f-1b79-46b8-8d4d-b1db89a80041,275999e1-9640-4156-832a-94c0ed1c9f39,f20dc9f0-8f6d-4670-9397-c4aa35252e4b,Seat 5,assigned,available,,,,2026-04-20T11:16:17.412743Z,2026-04-20T11:16:17.412743Z,
7af01117-1ee0-4427-b850-0d44fc0920c2,691fb72f-1b79-46b8-8d4d-b1db89a80041,275999e1-9640-4156-832a-94c0ed1c9f39,f20dc9f0-8f6d-4670-9397-c4aa35252e4b,Seat 6,assigned,available,,,,2026-04-20T11:16:17.412743Z,2026-04-20T11:16:17.412743Z,
f2502364-2383-4678-96ce-fe70b9f5a977,691fb72f-1b79-46b8-8d4d-b1db89a80041,275999e1-9640-4156-832a-94c0ed1c9f39,f20dc9f0-8f6d-4670-9397-c4aa35252e4b,Seat 7,assigned,available,,,,2026-04-20T11:16:17.412743Z,2026-04-20T11:16:17.412743Z,
9c2a66fb-c94d-454d-a8fe-05a84fb45321,691fb72f-1b79-46b8-8d4d-b1db89a80041,275999e1-9640-4156-832a-94c0ed1c9f39,f20dc9f0-8f6d-4670-9397-c4aa35252e4b,Seat 8,assigned,available,,,,2026-04-20T11:16:17.412743Z,2026-04-20T11:16:17.412743Z,
540c176e-fe6c-4ae5-81e8-19f7a45c43f2,691fb72f-1b79-46b8-8d4d-b1db89a80041,275999e1-9640-4156-832a-94c0ed1c9f39,f20dc9f0-8f6d-4670-9397-c4aa35252e4b,Seat 9,assigned,available,,,,2026-04-20T11:16:17.412743Z,2026-04-20T11:16:17.412743Z,
e3d15bca-cd13-4f6e-a479-3b6dfd6d91e2,691fb72f-1b79-46b8-8d4d-b1db89a80041,275999e1-9640-4156-832a-94c0ed1c9f39,f20dc9f0-8f6d-4670-9397-c4aa35252e4b,Seat 10,assigned,available,,,,2026-04-20T11:16:17.412743Z,2026-04-20T11:16:17.412743Z,
fb465bf2-791b-415b-b6bf-6447b4910efe,691fb72f-1b79-46b8-8d4d-b1db89a80041,275999e1-9640-4156-832a-94c0ed1c9f39,f20dc9f0-8f6d-4670-9397-c4aa35252e4b,Seat 11,assigned,available,,,,2026-04-20T11:16:17.412743Z,2026-04-20T11:16:17.412743Z,
eabe872b-fc59-475f-9efa-79fe1e13a391,691fb72f-1b79-46b8-8d4d-b1db89a80041,275999e1-9640-4156-832a-94c0ed1c9f39,f20dc9f0-8f6d-4670-9397-c4aa35252e4b,Seat 12,assigned,available,,,,2026-04-20T11:16:17.412743Z,2026-04-20T11:16:17.412743Z,
eb5ee254-c9ae-4ac0-8958-0cd9c50c1659,691fb72f-1b79-46b8-8d4d-b1db89a80041,275999e1-9640-4156-832a-94c0ed1c9f39,f20dc9f0-8f6d-4670-9397-c4aa35252e4b,Seat 13,assigned,available,,,,2026-04-20T11:16:17.412743Z,2026-04-20T11:16:17.412743Z,
3330d67b-a40f-4fd9-bd63-6003a481fcd2,691fb72f-1b79-46b8-8d4d-b1db89a80041,275999e1-9640-4156-832a-94c0ed1c9f39,f20dc9f0-8f6d-4670-9397-c4aa35252e4b,Seat 14,assigned,available,,,,2026-04-20T11:16:17.412743Z,2026-04-20T11:16:17.412743Z,
391c9625-d3bf-45c1-9454-b4fdefce9055,691fb72f-1b79-46b8-8d4d-b1db89a80041,275999e1-9640-4156-832a-94c0ed1c9f39,f20dc9f0-8f6d-4670-9397-c4aa35252e4b,Seat 15,assigned,available,,,,2026-04-20T11:16:17.412743Z,2026-04-20T11:16:17.412743Z,
f4852da8-b742-4fc8-a505-cee28fb4c4dc,691fb72f-1b79-46b8-8d4d-b1db89a80041,275999e1-9640-4156-832a-94c0ed1c9f39,f20dc9f0-8f6d-4670-9397-c4aa35252e4b,Seat 16,assigned,available,,,,2026-04-20T11:16:17.412743Z,2026-04-20T11:16:17.412743Z,
7b8f9f5f-ae17-424d-a764-b52d1ee3823d,691fb72f-1b79-46b8-8d4d-b1db89a80041,275999e1-9640-4156-832a-94c0ed1c9f39,f20dc9f0-8f6d-4670-9397-c4aa35252e4b,Seat 17,assigned,available,,,,2026-04-20T11:16:17.412743Z,2026-04-20T11:16:17.412743Z,
228c4dda-852a-457b-b81c-8559a2c54e19,691fb72f-1b79-46b8-8d4d-b1db89a80041,275999e1-9640-4156-832a-94c0ed1c9f39,f20dc9f0-8f6d-4670-9397-c4aa35252e4b,Seat 18,assigned,available,,,,2026-04-20T11:16:17.412743Z,2026-04-20T11:16:17.412743Z,
a147a1b1-1a06-465e-98d1-915c07d0b27f,691fb72f-1b79-46b8-8d4d-b1db89a80041,275999e1-9640-4156-832a-94c0ed1c9f39,f20dc9f0-8f6d-4670-9397-c4aa35252e4b,Seat 19,assigned,available,,,,2026-04-20T11:16:17.412743Z,2026-04-20T11:16:17.412743Z,
3f0c0cf8-d475-4bb0-88bb-a4c9ef71fc6a,691fb72f-1b79-46b8-8d4d-b1db89a80041,275999e1-9640-4156-832a-94c0ed1c9f39,f20dc9f0-8f6d-4670-9397-c4aa35252e4b,Seat 20,assigned,available,,,,2026-04-20T11:16:17.412743Z,2026-04-20T11:16:17.412743Z,
bbbe2580-6267-4c1b-8532-289317297e12,691fb72f-1b79-46b8-8d4d-b1db89a80041,275999e1-9640-4156-832a-94c0ed1c9f39,f20dc9f0-8f6d-4670-9397-c4aa35252e4b,Seat 21,assigned,available,,,,2026-04-20T11:16:17.412743Z,2026-04-20T11:16:17.412743Z,
05fe0ec7-11c1-499d-9e63-3db8fb22f23f,691fb72f-1b79-46b8-8d4d-b1db89a80041,275999e1-9640-4156-832a-94c0ed1c9f39,f20dc9f0-8f6d-4670-9397-c4aa35252e4b,Seat 22,assigned,available,,,,2026-04-20T11:16:17.412743Z,2026-04-20T11:16:17.412743Z,
c850b759-de01-4b57-8bdf-ebeca6284423,691fb72f-1b79-46b8-8d4d-b1db89a80041,275999e1-9640-4156-832a-94c0ed1c9f39,f20dc9f0-8f6d-4670-9397-c4aa35252e4b,Seat 23,assigned,available,,,,2026-04-20T11:16:17.412743Z,2026-04-20T11:16:17.412743Z,
4b382f94-861b-47da-bb97-d62a7cbe1e8f,691fb72f-1b79-46b8-8d4d-b1db89a80041,275999e1-9640-4156-832a-94c0ed1c9f39,f20dc9f0-8f6d-4670-9397-c4aa35252e4b,Seat 24,assigned,available,,,,2026-04-20T11:16:17.412743Z,2026-04-20T11:16:17.412743Z,
4f01717f-d367-449d-854b-e55a47ffe4a9,691fb72f-1b79-46b8-8d4d-b1db89a80041,275999e1-9640-4156-832a-94c0ed1c9f39,f20dc9f0-8f6d-4670-9397-c4aa35252e4b,Seat 25,assigned,available,,,,2026-04-20T11:16:17.412743Z,2026-04-20T11:16:17.412743Z,
1918e1df-f831-4802-905f-fa6ac428c77f,691fb72f-1b79-46b8-8d4d-b1db89a80041,275999e1-9640-4156-832a-94c0ed1c9f39,f20dc9f0-8f6d-4670-9397-c4aa35252e4b,Seat 26,assigned,available,,,,2026-04-20T11:16:17.412743Z,2026-04-20T11:16:17.412743Z,
517151f9-1df4-456a-b0d5-2f1f3bd762fc,691fb72f-1b79-46b8-8d4d-b1db89a80041,275999e1-9640-4156-832a-94c0ed1c9f39,f20dc9f0-8f6d-4670-9397-c4aa35252e4b,Seat 27,assigned,available,,,,2026-04-20T11:16:17.412743Z,2026-04-20T11:16:17.412743Z,
2449f839-d1b9-4802-86b7-6b103cf86512,691fb72f-1b79-46b8-8d4d-b1db89a80041,275999e1-9640-4156-832a-94c0ed1c9f39,f20dc9f0-8f6d-4670-9397-c4aa35252e4b,Seat 28,assigned,available,,,,2026-04-20T11:16:17.412743Z,2026-04-20T11:16:17.412743Z,
47e819b3-4e16-4cf9-885c-2a164dd3c762,691fb72f-1b79-46b8-8d4d-b1db89a80041,275999e1-9640-4156-832a-94c0ed1c9f39,f20dc9f0-8f6d-4670-9397-c4aa35252e4b,Seat 29,assigned,available,,,,2026-04-20T11:16:17.412743Z,2026-04-20T11:16:17.412743Z,
6059fbe7-09f2-44ce-b23c-91db3ffbc474,691fb72f-1b79-46b8-8d4d-b1db89a80041,275999e1-9640-4156-832a-94c0ed1c9f39,f20dc9f0-8f6d-4670-9397-c4aa35252e4b,Seat 30,assigned,available,,,,2026-04-20T11:16:17.412743Z,2026-04-20T11:16:17.412743Z,
15e9f230-8b09-4a3e-9ac5-84e176429085,691fb72f-1b79-46b8-8d4d-b1db89a80041,275999e1-9640-4156-832a-94c0ed1c9f39,f20dc9f0-8f6d-4670-9397-c4aa35252e4b,Seat 31,assigned,available,,,,2026-04-20T11:16:17.412743Z,2026-04-20T11:16:17.412743Z,
b06aeee2-bf77-42cc-b120-2f1605859377,691fb72f-1b79-46b8-8d4d-b1db89a80041,275999e1-9640-4156-832a-94c0ed1c9f39,f20dc9f0-8f6d-4670-9397-c4aa35252e4b,Seat 32,assigned,available,,,,2026-04-20T11:16:17.412743Z,2026-04-20T11:16:17.412743Z,
6d90d342-08c5-4d59-a0f4-8f5936b137a9,691fb72f-1b79-46b8-8d4d-b1db89a80041,275999e1-9640-4156-832a-94c0ed1c9f39,f20dc9f0-8f6d-4670-9397-c4aa35252e4b,Seat 33,assigned,available,,,,2026-04-20T11:16:17.412743Z,2026-04-20T11:16:17.412743Z,
5b0a8189-0556-4955-b5eb-b95bf9d5be3a,691fb72f-1b79-46b8-8d4d-b1db89a80041,275999e1-9640-4156-832a-94c0ed1c9f39,f20dc9f0-8f6d-4670-9397-c4aa35252e4b,Seat 34,assigned,available,,,,2026-04-20T11:16:17.412743Z,2026-04-20T11:16:17.412743Z,
fc8333ac-6708-4c3a-af19-7021ceaf37fc,691fb72f-1b79-46b8-8d4d-b1db89a80041,275999e1-9640-4156-832a-94c0ed1c9f39,f20dc9f0-8f6d-4670-9397-c4aa35252e4b,Seat 35,assigned,available,,,,2026-04-20T11:16:17.412743Z,2026-04-20T11:16:17.412743Z,
c70b7e8b-0178-4deb-8d68-74d8366a1787,691fb72f-1b79-46b8-8d4d-b1db89a80041,275999e1-9640-4156-832a-94c0ed1c9f39,f20dc9f0-8f6d-4670-9397-c4aa35252e4b,Seat 36,assigned,available,,,,2026-04-20T11:16:17.412743Z,2026-04-20T11:16:17.412743Z,
0b0d6144-5c08-425d-814b-30f145a3a3ce,691fb72f-1b79-46b8-8d4d-b1db89a80041,275999e1-9640-4156-832a-94c0ed1c9f39,f20dc9f0-8f6d-4670-9397-c4aa35252e4b,Seat 37,assigned,available,,,,2026-04-20T11:16:17.412743Z,2026-04-20T11:16:17.412743Z,
27ee84fd-b5ea-4708-8880-fe8a6d5dc64d,691fb72f-1b79-46b8-8d4d-b1db89a80041,275999e1-9640-4156-832a-94c0ed1c9f39,f20dc9f0-8f6d-4670-9397-c4aa35252e4b,Seat 38,assigned,available,,,,2026-04-20T11:16:17.412743Z,2026-04-20T11:16:17.412743Z,
b6ceeefb-f0dd-4c66-b7ba-2848ca270efe,691fb72f-1b79-46b8-8d4d-b1db89a80041,275999e1-9640-4156-832a-94c0ed1c9f39,f20dc9f0-8f6d-4670-9397-c4aa35252e4b,Seat 39,assigned,available,,,,2026-04-20T11:16:17.412743Z,2026-04-20T11:16:17.412743Z,
fc85cc62-aabb-4502-a379-5c34dd22e79a,691fb72f-1b79-46b8-8d4d-b1db89a80041,275999e1-9640-4156-832a-94c0ed1c9f39,f20dc9f0-8f6d-4670-9397-c4aa35252e4b,Seat 40,assigned,available,,,,2026-04-20T11:16:17.412743Z,2026-04-20T11:16:17.412743Z,
cca287a4-07fc-4f58-bfd8-9bfcd179a1c6,fd9ca2d2-311f-45b9-acca-44743bba877e,275999e1-9640-4156-832a-94c0ed1c9f39,f20dc9f0-8f6d-4670-9397-c4aa35252e4b,Seat 1,assigned,available,,,,2026-04-20T11:16:17.412743Z,2026-04-20T11:16:17.412743Z,
5922c9e9-afac-488d-bc0f-f787e3ee1c81,fd9ca2d2-311f-45b9-acca-44743bba877e,275999e1-9640-4156-832a-94c0ed1c9f39,f20dc9f0-8f6d-4670-9397-c4aa35252e4b,Seat 2,assigned,available,,,,2026-04-20T11:16:17.412743Z,2026-04-20T11:16:17.412743Z,
cb56d09a-ecb1-442c-9ac8-38b84a606274,fd9ca2d2-311f-45b9-acca-44743bba877e,275999e1-9640-4156-832a-94c0ed1c9f39,f20dc9f0-8f6d-4670-9397-c4aa35252e4b,Seat 3,assigned,available,,,,2026-04-20T11:16:17.412743Z,2026-04-20T11:16:17.412743Z,
20970296-f521-4bd5-8510-137859f6c7f7,fd9ca2d2-311f-45b9-acca-44743bba877e,275999e1-9640-4156-832a-94c0ed1c9f39,f20dc9f0-8f6d-4670-9397-c4aa35252e4b,Seat 4,assigned,available,,,,2026-04-20T11:16:17.412743Z,2026-04-20T11:16:17.412743Z,
167c674e-eb2b-4585-88a5-c390dacd9e18,fd9ca2d2-311f-45b9-acca-44743bba877e,275999e1-9640-4156-832a-94c0ed1c9f39,f20dc9f0-8f6d-4670-9397-c4aa35252e4b,Seat 5,assigned,available,,,,2026-04-20T11:16:17.412743Z,2026-04-20T11:16:17.412743Z,
c795e7ec-ca44-4f59-b67c-78cae4431b16,fd9ca2d2-311f-45b9-acca-44743bba877e,275999e1-9640-4156-832a-94c0ed1c9f39,f20dc9f0-8f6d-4670-9397-c4aa35252e4b,Seat 6,assigned,available,,,,2026-04-20T11:16:17.412743Z,2026-04-20T11:16:17.412743Z,
217963b4-027c-4672-b29f-ae211c003e4e,fd9ca2d2-311f-45b9-acca-44743bba877e,275999e1-9640-4156-832a-94c0ed1c9f39,f20dc9f0-8f6d-4670-9397-c4aa35252e4b,Seat 7,assigned,available,,,,2026-04-20T11:16:17.412743Z,2026-04-20T11:16:17.412743Z,
15d977c8-76d3-4573-b63a-e7996612bfba,fd9ca2d2-311f-45b9-acca-44743bba877e,275999e1-9640-4156-832a-94c0ed1c9f39,f20dc9f0-8f6d-4670-9397-c4aa35252e4b,Seat 8,assigned,available,,,,2026-04-20T11:16:17.412743Z,2026-04-20T11:16:17.412743Z,
3f1ced07-984b-468d-afb7-99dd1358838a,fd9ca2d2-311f-45b9-acca-44743bba877e,275999e1-9640-4156-832a-94c0ed1c9f39,f20dc9f0-8f6d-4670-9397-c4aa35252e4b,Seat 9,assigned,available,,,,2026-04-20T11:16:17.412743Z,2026-04-20T11:16:17.412743Z,
de4f686a-b4e1-4e4f-bde3-6d50830db4c3,fd9ca2d2-311f-45b9-acca-44743bba877e,275999e1-9640-4156-832a-94c0ed1c9f39,f20dc9f0-8f6d-4670-9397-c4aa35252e4b,Seat 10,assigned,available,,,,2026-04-20T11:16:17.412743Z,2026-04-20T11:16:17.412743Z,
6c210666-3f1e-4eea-9931-f7a20723c824,fd9ca2d2-311f-45b9-acca-44743bba877e,275999e1-9640-4156-832a-94c0ed1c9f39,f20dc9f0-8f6d-4670-9397-c4aa35252e4b,Seat 11,assigned,available,,,,2026-04-20T11:16:17.412743Z,2026-04-20T11:16:17.412743Z,
36f38133-8cbc-4c68-84ed-1697e0c7392f,fd9ca2d2-311f-45b9-acca-44743bba877e,275999e1-9640-4156-832a-94c0ed1c9f39,f20dc9f0-8f6d-4670-9397-c4aa35252e4b,Seat 12,assigned,available,,,,2026-04-20T11:16:17.412743Z,2026-04-20T11:16:17.412743Z,
2e2e6379-d04a-453b-89a8-15be15bd0d9d,fd9ca2d2-311f-45b9-acca-44743bba877e,275999e1-9640-4156-832a-94c0ed1c9f39,f20dc9f0-8f6d-4670-9397-c4aa35252e4b,Seat 13,assigned,available,,,,2026-04-20T11:16:17.412743Z,2026-04-20T11:16:17.412743Z,
b1f146bc-e031-4cf3-a8c8-15b8005da0b1,fd9ca2d2-311f-45b9-acca-44743bba877e,275999e1-9640-4156-832a-94c0ed1c9f39,f20dc9f0-8f6d-4670-9397-c4aa35252e4b,Seat 14,assigned,available,,,,2026-04-20T11:16:17.412743Z,2026-04-20T11:16:17.412743Z,
1205ace2-4225-47cd-953f-1cfd63434980,fd9ca2d2-311f-45b9-acca-44743bba877e,275999e1-9640-4156-832a-94c0ed1c9f39,f20dc9f0-8f6d-4670-9397-c4aa35252e4b,Seat 15,assigned,available,,,,2026-04-20T11:16:17.412743Z,2026-04-20T11:16:17.412743Z,
4b0ab244-a123-4105-91dd-b31683d8232b,fd9ca2d2-311f-45b9-acca-44743bba877e,275999e1-9640-4156-832a-94c0ed1c9f39,f20dc9f0-8f6d-4670-9397-c4aa35252e4b,Seat 16,assigned,available,,,,2026-04-20T11:16:17.412743Z,2026-04-20T11:16:17.412743Z,
cb70d6c8-7c97-4efe-bb1b-f508678558da,fd9ca2d2-311f-45b9-acca-44743bba877e,275999e1-9640-4156-832a-94c0ed1c9f39,f20dc9f0-8f6d-4670-9397-c4aa35252e4b,Seat 17,assigned,available,,,,2026-04-20T11:16:17.412743Z,2026-04-20T11:16:17.412743Z,
cddda8d4-843a-439f-984c-44cda74b0d2c,fd9ca2d2-311f-45b9-acca-44743bba877e,275999e1-9640-4156-832a-94c0ed1c9f39,f20dc9f0-8f6d-4670-9397-c4aa35252e4b,Seat 18,assigned,available,,,,2026-04-20T11:16:17.412743Z,2026-04-20T11:16:17.412743Z,
b863d210-bc82-4a8b-8802-73edf0543858,fd9ca2d2-311f-45b9-acca-44743bba877e,275999e1-9640-4156-832a-94c0ed1c9f39,f20dc9f0-8f6d-4670-9397-c4aa35252e4b,Seat 19,assigned,available,,,,2026-04-20T11:16:17.412743Z,2026-04-20T11:16:17.412743Z,
7c26c8d2-0e90-428e-9eaf-a06a4cfa773f,fd9ca2d2-311f-45b9-acca-44743bba877e,275999e1-9640-4156-832a-94c0ed1c9f39,f20dc9f0-8f6d-4670-9397-c4aa35252e4b,Seat 20,assigned,available,,,,2026-04-20T11:16:17.412743Z,2026-04-20T11:16:17.412743Z,
3589d786-9652-4dbc-85ab-c2195f0b9025,fd9ca2d2-311f-45b9-acca-44743bba877e,275999e1-9640-4156-832a-94c0ed1c9f39,f20dc9f0-8f6d-4670-9397-c4aa35252e4b,Seat 21,assigned,available,,,,2026-04-20T11:16:17.412743Z,2026-04-20T11:16:17.412743Z,
4b4e650f-2fb2-456c-91be-66c330704716,fd9ca2d2-311f-45b9-acca-44743bba877e,275999e1-9640-4156-832a-94c0ed1c9f39,f20dc9f0-8f6d-4670-9397-c4aa35252e4b,Seat 22,assigned,available,,,,2026-04-20T11:16:17.412743Z,2026-04-20T11:16:17.412743Z,
cfb011d6-674f-47f5-9f2c-7d485a1f8bcd,fd9ca2d2-311f-45b9-acca-44743bba877e,275999e1-9640-4156-832a-94c0ed1c9f39,f20dc9f0-8f6d-4670-9397-c4aa35252e4b,Seat 23,assigned,available,,,,2026-04-20T11:16:17.412743Z,2026-04-20T11:16:17.412743Z,
17beabea-0d31-49eb-bd44-d191ca945ac1,fd9ca2d2-311f-45b9-acca-44743bba877e,275999e1-9640-4156-832a-94c0ed1c9f39,f20dc9f0-8f6d-4670-9397-c4aa35252e4b,Seat 24,assigned,available,,,,2026-04-20T11:16:17.412743Z,2026-04-20T11:16:17.412743Z,
212775d5-a831-40b2-b10d-79e9e72b4432,428711cd-590b-4e97-9791-0618a71b6357,275999e1-9640-4156-832a-94c0ed1c9f39,f20dc9f0-8f6d-4670-9397-c4aa35252e4b,Seat 1,assigned,available,,,,2026-04-20T11:16:17.412743Z,2026-04-20T11:16:17.412743Z,
2c907422-a496-4e25-828b-ac8fda7257bd,428711cd-590b-4e97-9791-0618a71b6357,275999e1-9640-4156-832a-94c0ed1c9f39,f20dc9f0-8f6d-4670-9397-c4aa35252e4b,Seat 2,assigned,available,,,,2026-04-20T11:16:17.412743Z,2026-04-20T11:16:17.412743Z,
7ab95e0b-0a3c-40db-b392-1f1372e10c9f,428711cd-590b-4e97-9791-0618a71b6357,275999e1-9640-4156-832a-94c0ed1c9f39,f20dc9f0-8f6d-4670-9397-c4aa35252e4b,Seat 3,assigned,available,,,,2026-04-20T11:16:17.412743Z,2026-04-20T11:16:17.412743Z,
cf121c9c-bf0a-46e1-b447-67c9a5072e5c,428711cd-590b-4e97-9791-0618a71b6357,275999e1-9640-4156-832a-94c0ed1c9f39,f20dc9f0-8f6d-4670-9397-c4aa35252e4b,Seat 4,assigned,available,,,,2026-04-20T11:16:17.412743Z,2026-04-20T11:16:17.412743Z,
cd299c0f-4fd8-4478-9820-f38a5ca5e154,428711cd-590b-4e97-9791-0618a71b6357,275999e1-9640-4156-832a-94c0ed1c9f39,f20dc9f0-8f6d-4670-9397-c4aa35252e4b,Seat 5,assigned,available,,,,2026-04-20T11:16:17.412743Z,2026-04-20T11:16:17.412743Z,
9be9bcbd-4783-4120-bd80-eb19f1dc2a09,428711cd-590b-4e97-9791-0618a71b6357,275999e1-9640-4156-832a-94c0ed1c9f39,f20dc9f0-8f6d-4670-9397-c4aa35252e4b,Seat 6,assigned,available,,,,2026-04-20T11:16:17.412743Z,2026-04-20T11:16:17.412743Z,
b1813303-aca0-4b9f-ab65-9f14bfb9b409,428711cd-590b-4e97-9791-0618a71b6357,275999e1-9640-4156-832a-94c0ed1c9f39,f20dc9f0-8f6d-4670-9397-c4aa35252e4b,Seat 7,assigned,available,,,,2026-04-20T11:16:17.412743Z,2026-04-20T11:16:17.412743Z,
ffd627a8-8a8a-4cfe-a88d-b00a32adb4d5,428711cd-590b-4e97-9791-0618a71b6357,275999e1-9640-4156-832a-94c0ed1c9f39,f20dc9f0-8f6d-4670-9397-c4aa35252e4b,Seat 8,assigned,available,,,,2026-04-20T11:16:17.412743Z,2026-04-20T11:16:17.412743Z,
ad41e89e-4171-47da-8571-aab5f107129b,428711cd-590b-4e97-9791-0618a71b6357,275999e1-9640-4156-832a-94c0ed1c9f39,f20dc9f0-8f6d-4670-9397-c4aa35252e4b,Seat 9,assigned,available,,,,2026-04-20T11:16:17.412743Z,2026-04-20T11:16:17.412743Z,
06d41fa6-ccc6-4243-b26a-ed7dcf52bd70,428711cd-590b-4e97-9791-0618a71b6357,275999e1-9640-4156-832a-94c0ed1c9f39,f20dc9f0-8f6d-4670-9397-c4aa35252e4b,Seat 10,assigned,available,,,,2026-04-20T11:16:17.412743Z,2026-04-20T11:16:17.412743Z,
9ed2ec0c-3f38-44a0-9994-9abf2e77118c,428711cd-590b-4e97-9791-0618a71b6357,275999e1-9640-4156-832a-94c0ed1c9f39,f20dc9f0-8f6d-4670-9397-c4aa35252e4b,Seat 11,assigned,available,,,,2026-04-20T11:16:17.412743Z,2026-04-20T11:16:17.412743Z,
5d016d2f-1827-476a-8d33-fda419cbaf1e,428711cd-590b-4e97-9791-0618a71b6357,275999e1-9640-4156-832a-94c0ed1c9f39,f20dc9f0-8f6d-4670-9397-c4aa35252e4b,Seat 12,assigned,available,,,,2026-04-20T11:16:17.412743Z,2026-04-20T11:16:17.412743Z,
399e745f-9adc-48f5-b15b-89979b0f1fa8,428711cd-590b-4e97-9791-0618a71b6357,275999e1-9640-4156-832a-94c0ed1c9f39,f20dc9f0-8f6d-4670-9397-c4aa35252e4b,Seat 13,assigned,available,,,,2026-04-20T11:16:17.412743Z,2026-04-20T11:16:17.412743Z,
f96c0e57-a1d4-4c56-8688-8270246df36e,428711cd-590b-4e97-9791-0618a71b6357,275999e1-9640-4156-832a-94c0ed1c9f39,f20dc9f0-8f6d-4670-9397-c4aa35252e4b,Seat 14,assigned,available,,,,2026-04-20T11:16:17.412743Z,2026-04-20T11:16:17.412743Z,
26b4d1fa-959e-400e-9a5b-79b0e5c9227c,428711cd-590b-4e97-9791-0618a71b6357,275999e1-9640-4156-832a-94c0ed1c9f39,f20dc9f0-8f6d-4670-9397-c4aa35252e4b,Seat 15,assigned,available,,,,2026-04-20T11:16:17.412743Z,2026-04-20T11:16:17.412743Z,
b1aa7cfb-8460-483c-af7e-cc469526cf5f,428711cd-590b-4e97-9791-0618a71b6357,275999e1-9640-4156-832a-94c0ed1c9f39,f20dc9f0-8f6d-4670-9397-c4aa35252e4b,Seat 16,assigned,available,,,,2026-04-20T11:16:17.412743Z,2026-04-20T11:16:17.412743Z,
5adb95a6-4115-4aaf-8197-585ba4d2134f,428711cd-590b-4e97-9791-0618a71b6357,275999e1-9640-4156-832a-94c0ed1c9f39,f20dc9f0-8f6d-4670-9397-c4aa35252e4b,Seat 17,assigned,available,,,,2026-04-20T11:16:17.412743Z,2026-04-20T11:16:17.412743Z,
7066cdad-6cd1-4208-b5b4-7603e838ca74,428711cd-590b-4e97-9791-0618a71b6357,275999e1-9640-4156-832a-94c0ed1c9f39,f20dc9f0-8f6d-4670-9397-c4aa35252e4b,Seat 18,assigned,available,,,,2026-04-20T11:16:17.412743Z,2026-04-20T11:16:17.412743Z,
cd69f0d1-ec3b-4108-bc06-9c294d8aa602,428711cd-590b-4e97-9791-0618a71b6357,275999e1-9640-4156-832a-94c0ed1c9f39,f20dc9f0-8f6d-4670-9397-c4aa35252e4b,Seat 19,assigned,available,,,,2026-04-20T11:16:17.412743Z,2026-04-20T11:16:17.412743Z,
2961de8a-b42b-4ac2-88d1-51a46c3fda9b,428711cd-590b-4e97-9791-0618a71b6357,275999e1-9640-4156-832a-94c0ed1c9f39,f20dc9f0-8f6d-4670-9397-c4aa35252e4b,Seat 20,assigned,available,,,,2026-04-20T11:16:17.412743Z,2026-04-20T11:16:17.412743Z,
a036730d-96b3-47b8-908b-a79baeef53ed,428711cd-590b-4e97-9791-0618a71b6357,275999e1-9640-4156-832a-94c0ed1c9f39,f20dc9f0-8f6d-4670-9397-c4aa35252e4b,Seat 21,assigned,available,,,,2026-04-20T11:16:17.412743Z,2026-04-20T11:16:17.412743Z,
722c95e8-7e79-4770-a7c7-9384c830bbbd,428711cd-590b-4e97-9791-0618a71b6357,275999e1-9640-4156-832a-94c0ed1c9f39,f20dc9f0-8f6d-4670-9397-c4aa35252e4b,Seat 22,assigned,available,,,,2026-04-20T11:16:17.412743Z,2026-04-20T11:16:17.412743Z,
d540fdd3-989a-4cc7-8276-6619f2abed30,428711cd-590b-4e97-9791-0618a71b6357,275999e1-9640-4156-832a-94c0ed1c9f39,f20dc9f0-8f6d-4670-9397-c4aa35252e4b,Seat 23,assigned,available,,,,2026-04-20T11:16:17.412743Z,2026-04-20T11:16:17.412743Z,
72da6714-252f-47bb-bcde-723a206c62cc,428711cd-590b-4e97-9791-0618a71b6357,275999e1-9640-4156-832a-94c0ed1c9f39,f20dc9f0-8f6d-4670-9397-c4aa35252e4b,Seat 24,assigned,available,,,,2026-04-20T11:16:17.412743Z,2026-04-20T11:16:17.412743Z,
c12e8f21-70c8-4fd8-ae59-2cbc12408987,428711cd-590b-4e97-9791-0618a71b6357,275999e1-9640-4156-832a-94c0ed1c9f39,f20dc9f0-8f6d-4670-9397-c4aa35252e4b,Seat 25,assigned,available,,,,2026-04-20T11:16:17.412743Z,2026-04-20T11:16:17.412743Z,
80a593f9-e5b9-418b-99a6-168d8d597f24,428711cd-590b-4e97-9791-0618a71b6357,275999e1-9640-4156-832a-94c0ed1c9f39,f20dc9f0-8f6d-4670-9397-c4aa35252e4b,Seat 26,assigned,available,,,,2026-04-20T11:16:17.412743Z,2026-04-20T11:16:17.412743Z,
ade53b0c-e778-458a-a655-84abab9791a0,428711cd-590b-4e97-9791-0618a71b6357,275999e1-9640-4156-832a-94c0ed1c9f39,f20dc9f0-8f6d-4670-9397-c4aa35252e4b,Seat 27,assigned,available,,,,2026-04-20T11:16:17.412743Z,2026-04-20T11:16:17.412743Z,
533db262-7282-4f2a-90d4-db8a43522c5d,428711cd-590b-4e97-9791-0618a71b6357,275999e1-9640-4156-832a-94c0ed1c9f39,f20dc9f0-8f6d-4670-9397-c4aa35252e4b,Seat 28,assigned,available,,,,2026-04-20T11:16:17.412743Z,2026-04-20T11:16:17.412743Z,
0ed77da4-8607-4c8d-b14f-3c4b8b2813c6,428711cd-590b-4e97-9791-0618a71b6357,275999e1-9640-4156-832a-94c0ed1c9f39,f20dc9f0-8f6d-4670-9397-c4aa35252e4b,Seat 29,assigned,available,,,,2026-04-20T11:16:17.412743Z,2026-04-20T11:16:17.412743Z,
3e179e0c-af9d-42aa-a103-47fd55735ee9,428711cd-590b-4e97-9791-0618a71b6357,275999e1-9640-4156-832a-94c0ed1c9f39,f20dc9f0-8f6d-4670-9397-c4aa35252e4b,Seat 30,assigned,available,,,,2026-04-20T11:16:17.412743Z,2026-04-20T11:16:17.412743Z,
c2b96463-bbf5-42ec-ae9b-ba13aed8c2eb,428711cd-590b-4e97-9791-0618a71b6357,275999e1-9640-4156-832a-94c0ed1c9f39,f20dc9f0-8f6d-4670-9397-c4aa35252e4b,Seat 31,assigned,available,,,,2026-04-20T11:16:17.412743Z,2026-04-20T11:16:17.412743Z,
0770759e-7598-4531-ac89-5b1ce205b060,428711cd-590b-4e97-9791-0618a71b6357,275999e1-9640-4156-832a-94c0ed1c9f39,f20dc9f0-8f6d-4670-9397-c4aa35252e4b,Seat 32,assigned,available,,,,2026-04-20T11:16:17.412743Z,2026-04-20T11:16:17.412743Z,
041663f1-91ea-4def-9d61-9977d06bfc7d,d62440e5-67b6-4da6-bf05-fb8bf2ef0080,275999e1-9640-4156-832a-94c0ed1c9f39,f20dc9f0-8f6d-4670-9397-c4aa35252e4b,Seat 1,assigned,available,,,,2026-04-20T11:16:17.412743Z,2026-04-20T11:16:17.412743Z,
b0df1989-383b-42ad-8e8e-cc04dcb2a774,d62440e5-67b6-4da6-bf05-fb8bf2ef0080,275999e1-9640-4156-832a-94c0ed1c9f39,f20dc9f0-8f6d-4670-9397-c4aa35252e4b,Seat 2,assigned,available,,,,2026-04-20T11:16:17.412743Z,2026-04-20T11:16:17.412743Z,
bd63835d-126d-405f-b618-c85a1821c78a,d62440e5-67b6-4da6-bf05-fb8bf2ef0080,275999e1-9640-4156-832a-94c0ed1c9f39,f20dc9f0-8f6d-4670-9397-c4aa35252e4b,Seat 3,assigned,available,,,,2026-04-20T11:16:17.412743Z,2026-04-20T11:16:17.412743Z,
2c53a972-3f19-4f7f-bdaa-e6c80c47e9d2,d62440e5-67b6-4da6-bf05-fb8bf2ef0080,275999e1-9640-4156-832a-94c0ed1c9f39,f20dc9f0-8f6d-4670-9397-c4aa35252e4b,Seat 4,assigned,available,,,,2026-04-20T11:16:17.412743Z,2026-04-20T11:16:17.412743Z,
f0f0d5da-b8d6-42ad-a78c-eec41b2e26cc,d62440e5-67b6-4da6-bf05-fb8bf2ef0080,275999e1-9640-4156-832a-94c0ed1c9f39,f20dc9f0-8f6d-4670-9397-c4aa35252e4b,Seat 5,assigned,available,,,,2026-04-20T11:16:17.412743Z,2026-04-20T11:16:17.412743Z,
f01697cd-9578-4d59-b489-8d30d65df3fe,d62440e5-67b6-4da6-bf05-fb8bf2ef0080,275999e1-9640-4156-832a-94c0ed1c9f39,f20dc9f0-8f6d-4670-9397-c4aa35252e4b,Seat 6,assigned,available,,,,2026-04-20T11:16:17.412743Z,2026-04-20T11:16:17.412743Z,
606e2f29-56a2-4400-bd99-e5cf2e7058d0,d62440e5-67b6-4da6-bf05-fb8bf2ef0080,275999e1-9640-4156-832a-94c0ed1c9f39,f20dc9f0-8f6d-4670-9397-c4aa35252e4b,Seat 7,assigned,available,,,,2026-04-20T11:16:17.412743Z,2026-04-20T11:16:17.412743Z,
dfcee7b6-dbe5-456a-8a26-d9078f3b851c,d62440e5-67b6-4da6-bf05-fb8bf2ef0080,275999e1-9640-4156-832a-94c0ed1c9f39,f20dc9f0-8f6d-4670-9397-c4aa35252e4b,Seat 8,assigned,available,,,,2026-04-20T11:16:17.412743Z,2026-04-20T11:16:17.412743Z,
8d42968c-a2bc-4e03-b6e0-4073c53dc772,d62440e5-67b6-4da6-bf05-fb8bf2ef0080,275999e1-9640-4156-832a-94c0ed1c9f39,f20dc9f0-8f6d-4670-9397-c4aa35252e4b,Seat 9,assigned,available,,,,2026-04-20T11:16:17.412743Z,2026-04-20T11:16:17.412743Z,
d04c0f0c-c73b-4fb0-a692-8a0677132399,d62440e5-67b6-4da6-bf05-fb8bf2ef0080,275999e1-9640-4156-832a-94c0ed1c9f39,f20dc9f0-8f6d-4670-9397-c4aa35252e4b,Seat 10,assigned,available,,,,2026-04-20T11:16:17.412743Z,2026-04-20T11:16:17.412743Z,
952d97ad-97b4-4a33-a6b2-13faf801375f,d62440e5-67b6-4da6-bf05-fb8bf2ef0080,275999e1-9640-4156-832a-94c0ed1c9f39,f20dc9f0-8f6d-4670-9397-c4aa35252e4b,Seat 11,assigned,available,,,,2026-04-20T11:16:17.412743Z,2026-04-20T11:16:17.412743Z,
187fc469-6bb0-44f0-9701-a87002901a8e,d62440e5-67b6-4da6-bf05-fb8bf2ef0080,275999e1-9640-4156-832a-94c0ed1c9f39,f20dc9f0-8f6d-4670-9397-c4aa35252e4b,Seat 12,assigned,available,,,,2026-04-20T11:16:17.412743Z,2026-04-20T11:16:17.412743Z,
01a0bed5-6b7a-43cc-b650-640d289dbfce,d62440e5-67b6-4da6-bf05-fb8bf2ef0080,275999e1-9640-4156-832a-94c0ed1c9f39,f20dc9f0-8f6d-4670-9397-c4aa35252e4b,Seat 13,assigned,available,,,,2026-04-20T11:16:17.412743Z,2026-04-20T11:16:17.412743Z,
02f2022d-fd56-4430-8cc5-b18aeab57247,d62440e5-67b6-4da6-bf05-fb8bf2ef0080,275999e1-9640-4156-832a-94c0ed1c9f39,f20dc9f0-8f6d-4670-9397-c4aa35252e4b,Seat 14,assigned,available,,,,2026-04-20T11:16:17.412743Z,2026-04-20T11:16:17.412743Z,
58b7f92d-31e7-4227-99ef-74310c69f35f,d62440e5-67b6-4da6-bf05-fb8bf2ef0080,275999e1-9640-4156-832a-94c0ed1c9f39,f20dc9f0-8f6d-4670-9397-c4aa35252e4b,Seat 15,assigned,available,,,,2026-04-20T11:16:17.412743Z,2026-04-20T11:16:17.412743Z,
a59a5405-3ef6-435e-b436-6ab8acffd67c,d62440e5-67b6-4da6-bf05-fb8bf2ef0080,275999e1-9640-4156-832a-94c0ed1c9f39,f20dc9f0-8f6d-4670-9397-c4aa35252e4b,Seat 16,assigned,available,,,,2026-04-20T11:16:17.412743Z,2026-04-20T11:16:17.412743Z,
d6e2c99c-bf06-49e1-8ac7-03a370c6567f,d62440e5-67b6-4da6-bf05-fb8bf2ef0080,275999e1-9640-4156-832a-94c0ed1c9f39,f20dc9f0-8f6d-4670-9397-c4aa35252e4b,Seat 17,assigned,available,,,,2026-04-20T11:16:17.412743Z,2026-04-20T11:16:17.412743Z,
108701d9-9d80-4796-8f04-45fff72a279a,d62440e5-67b6-4da6-bf05-fb8bf2ef0080,275999e1-9640-4156-832a-94c0ed1c9f39,f20dc9f0-8f6d-4670-9397-c4aa35252e4b,Seat 18,assigned,available,,,,2026-04-20T11:16:17.412743Z,2026-04-20T11:16:17.412743Z,
5934fed4-cb26-40c0-829c-b24d96fe4c42,d62440e5-67b6-4da6-bf05-fb8bf2ef0080,275999e1-9640-4156-832a-94c0ed1c9f39,f20dc9f0-8f6d-4670-9397-c4aa35252e4b,Seat 19,assigned,available,,,,2026-04-20T11:16:17.412743Z,2026-04-20T11:16:17.412743Z,
e55cb20c-ae85-426d-a809-5d05d673eb17,d62440e5-67b6-4da6-bf05-fb8bf2ef0080,275999e1-9640-4156-832a-94c0ed1c9f39,f20dc9f0-8f6d-4670-9397-c4aa35252e4b,Seat 20,assigned,available,,,,2026-04-20T11:16:17.412743Z,2026-04-20T11:16:17.412743Z,
8772ffc5-774d-4538-a592-7b45bd0e93ab,d62440e5-67b6-4da6-bf05-fb8bf2ef0080,275999e1-9640-4156-832a-94c0ed1c9f39,f20dc9f0-8f6d-4670-9397-c4aa35252e4b,Seat 21,assigned,available,,,,2026-04-20T11:16:17.412743Z,2026-04-20T11:16:17.412743Z,
81c4bef5-bc34-403c-9251-34edc66ab36f,d62440e5-67b6-4da6-bf05-fb8bf2ef0080,275999e1-9640-4156-832a-94c0ed1c9f39,f20dc9f0-8f6d-4670-9397-c4aa35252e4b,Seat 22,assigned,available,,,,2026-04-20T11:16:17.412743Z,2026-04-20T11:16:17.412743Z,
5300ce77-ff2c-4091-bf3b-97b4710c605b,d62440e5-67b6-4da6-bf05-fb8bf2ef0080,275999e1-9640-4156-832a-94c0ed1c9f39,f20dc9f0-8f6d-4670-9397-c4aa35252e4b,Seat 23,assigned,available,,,,2026-04-20T11:16:17.412743Z,2026-04-20T11:16:17.412743Z,
7874debd-476d-46e1-a838-f3a896c040af,d62440e5-67b6-4da6-bf05-fb8bf2ef0080,275999e1-9640-4156-832a-94c0ed1c9f39,f20dc9f0-8f6d-4670-9397-c4aa35252e4b,Seat 24,assigned,available,,,,2026-04-20T11:16:17.412743Z,2026-04-20T11:16:17.412743Z,
bcd36282-2375-4cd9-a379-649b643125a9,f3446b5c-fb94-4e73-9a89-b240cb5438a1,c95284c5-97e6-4a56-9405-646d864eff47,5a1942ac-e48b-4224-b6b1-f8f950867920,Seat 1 / Reception,assigned,available,,,,2026-04-20T11:16:17.412743Z,2026-04-20T11:16:17.412743Z,
f5815c21-19d3-4bcf-96cb-9aab362f1d7c,f3446b5c-fb94-4e73-9a89-b240cb5438a1,c95284c5-97e6-4a56-9405-646d864eff47,5a1942ac-e48b-4224-b6b1-f8f950867920,Seat 2,assigned,available,,,,2026-04-20T11:16:17.412743Z,2026-04-20T11:16:17.412743Z,
66eaf2d1-735e-4495-be2f-00263e203bfb,f3446b5c-fb94-4e73-9a89-b240cb5438a1,c95284c5-97e6-4a56-9405-646d864eff47,5a1942ac-e48b-4224-b6b1-f8f950867920,Seat 3,assigned,available,,,,2026-04-20T11:16:17.412743Z,2026-04-20T11:16:17.412743Z,
add24cda-99ec-446c-b7ce-03902988d97f,f3446b5c-fb94-4e73-9a89-b240cb5438a1,c95284c5-97e6-4a56-9405-646d864eff47,5a1942ac-e48b-4224-b6b1-f8f950867920,Seat 4,assigned,available,,,,2026-04-20T11:16:17.412743Z,2026-04-20T11:16:17.412743Z,
cb3b2fb6-8b4c-4217-9e1b-ee7b2679e2c5,5bce74af-23ca-4384-9ee0-ee0706dfeb52,2eb0b07c-9535-47ef-b680-6ef91826d944,5a1942ac-e48b-4224-b6b1-f8f950867920,Seat 1,assigned,available,,,,2026-04-20T11:16:17.412743Z,2026-04-20T11:16:17.412743Z,
d3261414-b4d7-47ef-a37f-4ebb17137106,5bce74af-23ca-4384-9ee0-ee0706dfeb52,2eb0b07c-9535-47ef-b680-6ef91826d944,5a1942ac-e48b-4224-b6b1-f8f950867920,Seat 2,assigned,available,,,,2026-04-20T11:16:17.412743Z,2026-04-20T11:16:17.412743Z,
749c06cd-aac9-4b17-8857-ca174cfed499,5bce74af-23ca-4384-9ee0-ee0706dfeb52,2eb0b07c-9535-47ef-b680-6ef91826d944,5a1942ac-e48b-4224-b6b1-f8f950867920,Seat 3,assigned,available,,,,2026-04-20T11:16:17.412743Z,2026-04-20T11:16:17.412743Z,
be8c7844-3057-4052-a4c3-3f31647d8c69,5bce74af-23ca-4384-9ee0-ee0706dfeb52,2eb0b07c-9535-47ef-b680-6ef91826d944,5a1942ac-e48b-4224-b6b1-f8f950867920,Seat 4,assigned,available,,,,2026-04-20T11:16:17.412743Z,2026-04-20T11:16:17.412743Z,
6479961a-b381-4da2-8806-f7458ae5000a,5bce74af-23ca-4384-9ee0-ee0706dfeb52,2eb0b07c-9535-47ef-b680-6ef91826d944,5a1942ac-e48b-4224-b6b1-f8f950867920,Seat 5,assigned,available,,,,2026-04-20T11:16:17.412743Z,2026-04-20T11:16:17.412743Z,
6e4af184-4e6d-411e-ba64-b4c491173836,5bce74af-23ca-4384-9ee0-ee0706dfeb52,2eb0b07c-9535-47ef-b680-6ef91826d944,5a1942ac-e48b-4224-b6b1-f8f950867920,Seat 6,assigned,available,,,,2026-04-20T11:16:17.412743Z,2026-04-20T11:16:17.412743Z,
86901f7a-6a6d-4548-b547-6ecd988676a2,5bce74af-23ca-4384-9ee0-ee0706dfeb52,2eb0b07c-9535-47ef-b680-6ef91826d944,5a1942ac-e48b-4224-b6b1-f8f950867920,Seat 7,assigned,available,,,,2026-04-20T11:16:17.412743Z,2026-04-20T11:16:17.412743Z,
f0d9b042-cb1b-4db2-84b7-b90ca74d98d1,5bce74af-23ca-4384-9ee0-ee0706dfeb52,2eb0b07c-9535-47ef-b680-6ef91826d944,5a1942ac-e48b-4224-b6b1-f8f950867920,Seat 8,assigned,available,,,,2026-04-20T11:16:17.412743Z,2026-04-20T11:16:17.412743Z,
f93b09be-b57a-4066-8ea9-ba5e10738efd,5bce74af-23ca-4384-9ee0-ee0706dfeb52,2eb0b07c-9535-47ef-b680-6ef91826d944,5a1942ac-e48b-4224-b6b1-f8f950867920,Seat 9,assigned,available,,,,2026-04-20T11:16:17.412743Z,2026-04-20T11:16:17.412743Z,
f83d2873-a378-479f-a04b-19cf0d17a9d2,5bce74af-23ca-4384-9ee0-ee0706dfeb52,2eb0b07c-9535-47ef-b680-6ef91826d944,5a1942ac-e48b-4224-b6b1-f8f950867920,Seat 10,assigned,available,,,,2026-04-20T11:16:17.412743Z,2026-04-20T11:16:17.412743Z,
71b29f2f-f9b0-47da-b140-4803184c094c,5bce74af-23ca-4384-9ee0-ee0706dfeb52,2eb0b07c-9535-47ef-b680-6ef91826d944,5a1942ac-e48b-4224-b6b1-f8f950867920,Seat 11,assigned,available,,,,2026-04-20T11:16:17.412743Z,2026-04-20T11:16:17.412743Z,
afefa651-6593-4d90-bd41-2f9e510b08f7,5bce74af-23ca-4384-9ee0-ee0706dfeb52,2eb0b07c-9535-47ef-b680-6ef91826d944,5a1942ac-e48b-4224-b6b1-f8f950867920,Seat 12,assigned,available,,,,2026-04-20T11:16:17.412743Z,2026-04-20T11:16:17.412743Z,
7032f4ef-1df9-445f-80bc-c46d36a5ea29,5bce74af-23ca-4384-9ee0-ee0706dfeb52,2eb0b07c-9535-47ef-b680-6ef91826d944,5a1942ac-e48b-4224-b6b1-f8f950867920,Seat 13,assigned,available,,,,2026-04-20T11:16:17.412743Z,2026-04-20T11:16:17.412743Z,
72522c2a-a936-4d44-872d-07e5682a9ac5,5bce74af-23ca-4384-9ee0-ee0706dfeb52,2eb0b07c-9535-47ef-b680-6ef91826d944,5a1942ac-e48b-4224-b6b1-f8f950867920,Seat 14,assigned,available,,,,2026-04-20T11:16:17.412743Z,2026-04-20T11:16:17.412743Z,
b69eeb60-2af0-4116-a086-3483d5d0dfd7,5bce74af-23ca-4384-9ee0-ee0706dfeb52,2eb0b07c-9535-47ef-b680-6ef91826d944,5a1942ac-e48b-4224-b6b1-f8f950867920,Seat 15,assigned,available,,,,2026-04-20T11:16:17.412743Z,2026-04-20T11:16:17.412743Z,
0661f1f2-15ef-4b9b-87a2-e243a9cf6225,5bce74af-23ca-4384-9ee0-ee0706dfeb52,2eb0b07c-9535-47ef-b680-6ef91826d944,5a1942ac-e48b-4224-b6b1-f8f950867920,Seat 16,assigned,available,,,,2026-04-20T11:16:17.412743Z,2026-04-20T11:16:17.412743Z,
bfd5754f-68e3-4f08-b578-a41de7356a48,5bce74af-23ca-4384-9ee0-ee0706dfeb52,2eb0b07c-9535-47ef-b680-6ef91826d944,5a1942ac-e48b-4224-b6b1-f8f950867920,Seat 17,assigned,available,,,,2026-04-20T11:16:17.412743Z,2026-04-20T11:16:17.412743Z,
fa4aa05f-dab9-41d0-9833-99a450ba36f1,5bce74af-23ca-4384-9ee0-ee0706dfeb52,2eb0b07c-9535-47ef-b680-6ef91826d944,5a1942ac-e48b-4224-b6b1-f8f950867920,Seat 18,assigned,available,,,,2026-04-20T11:16:17.412743Z,2026-04-20T11:16:17.412743Z,
b926df14-9832-4547-a726-03d3608c0566,5bce74af-23ca-4384-9ee0-ee0706dfeb52,2eb0b07c-9535-47ef-b680-6ef91826d944,5a1942ac-e48b-4224-b6b1-f8f950867920,Seat 19,assigned,available,,,,2026-04-20T11:16:17.412743Z,2026-04-20T11:16:17.412743Z,
b9649d4c-7b91-435b-9942-dbd9a0c74508,5bce74af-23ca-4384-9ee0-ee0706dfeb52,2eb0b07c-9535-47ef-b680-6ef91826d944,5a1942ac-e48b-4224-b6b1-f8f950867920,Seat 20,assigned,available,,,,2026-04-20T11:16:17.412743Z,2026-04-20T11:16:17.412743Z,
a441a6f8-166c-45c9-9b25-330fc0ebf2ee,5bce74af-23ca-4384-9ee0-ee0706dfeb52,2eb0b07c-9535-47ef-b680-6ef91826d944,5a1942ac-e48b-4224-b6b1-f8f950867920,Seat 21,assigned,available,,,,2026-04-20T11:16:17.412743Z,2026-04-20T11:16:17.412743Z,
7a6b9c13-de1b-4d5d-b088-42cad83eb387,5bce74af-23ca-4384-9ee0-ee0706dfeb52,2eb0b07c-9535-47ef-b680-6ef91826d944,5a1942ac-e48b-4224-b6b1-f8f950867920,Seat 26,assigned,available,,,,2026-04-20T11:16:17.412743Z,2026-04-20T11:16:17.412743Z,
34c2436d-c7d9-4bce-908e-00033f9d8d33,5bce74af-23ca-4384-9ee0-ee0706dfeb52,2eb0b07c-9535-47ef-b680-6ef91826d944,5a1942ac-e48b-4224-b6b1-f8f950867920,Seat 23,assigned,available,,,,2026-04-20T11:16:17.412743Z,2026-04-20T11:16:17.412743Z,
a3d0f9ce-b48b-42e9-80b8-e607323cf546,5bce74af-23ca-4384-9ee0-ee0706dfeb52,2eb0b07c-9535-47ef-b680-6ef91826d944,5a1942ac-e48b-4224-b6b1-f8f950867920,Seat 24,assigned,available,,,,2026-04-20T11:16:17.412743Z,2026-04-20T11:16:17.412743Z,
539cbd75-0347-4f57-9889-33c179d2c21c,5bce74af-23ca-4384-9ee0-ee0706dfeb52,2eb0b07c-9535-47ef-b680-6ef91826d944,5a1942ac-e48b-4224-b6b1-f8f950867920,Seat 25,assigned,available,,,,2026-04-20T11:16:17.412743Z,2026-04-20T11:16:17.412743Z,
9d0971d1-4e3e-4210-bd21-ae8460532876,7a400eb5-b4e0-4655-b8a7-743257303ff7,a35970de-611a-416d-9028-560ce8aa169a,5a1942ac-e48b-4224-b6b1-f8f950867920,Seat 1,assigned,available,,,,2026-04-20T11:16:17.412743Z,2026-04-20T11:16:17.412743Z,
8e9501cc-e3b7-46ac-bd15-67a42fce4b66,7a400eb5-b4e0-4655-b8a7-743257303ff7,a35970de-611a-416d-9028-560ce8aa169a,5a1942ac-e48b-4224-b6b1-f8f950867920,Seat 2,assigned,available,,,,2026-04-20T11:16:17.412743Z,2026-04-20T11:16:17.412743Z,
538c0c9b-011f-43da-a0c8-8414f0c65fb5,7a400eb5-b4e0-4655-b8a7-743257303ff7,a35970de-611a-416d-9028-560ce8aa169a,5a1942ac-e48b-4224-b6b1-f8f950867920,Seat 3,assigned,available,,,,2026-04-20T11:16:17.412743Z,2026-04-20T11:16:17.412743Z,
0fe4a042-f194-4d40-a603-f8af1f11a9bc,7a400eb5-b4e0-4655-b8a7-743257303ff7,a35970de-611a-416d-9028-560ce8aa169a,5a1942ac-e48b-4224-b6b1-f8f950867920,Seat 4,assigned,available,,,,2026-04-20T11:16:17.412743Z,2026-04-20T11:16:17.412743Z,
8620018b-4d11-41ae-b4ff-0e9f6183aba4,7a400eb5-b4e0-4655-b8a7-743257303ff7,a35970de-611a-416d-9028-560ce8aa169a,5a1942ac-e48b-4224-b6b1-f8f950867920,Seat 5,assigned,available,,,,2026-04-20T11:16:17.412743Z,2026-04-20T11:16:17.412743Z,
ff434271-b29c-450f-9b01-10fd0f0ca85b,7a400eb5-b4e0-4655-b8a7-743257303ff7,a35970de-611a-416d-9028-560ce8aa169a,5a1942ac-e48b-4224-b6b1-f8f950867920,Seat 6,assigned,available,,,,2026-04-20T11:16:17.412743Z,2026-04-20T11:16:17.412743Z,
8563e286-a874-499a-84ce-c3c359379c95,7a400eb5-b4e0-4655-b8a7-743257303ff7,a35970de-611a-416d-9028-560ce8aa169a,5a1942ac-e48b-4224-b6b1-f8f950867920,Seat 7,assigned,available,,,,2026-04-20T11:16:17.412743Z,2026-04-20T11:16:17.412743Z,
01923df8-4b2f-46b3-b7bc-63b66799cefa,7a400eb5-b4e0-4655-b8a7-743257303ff7,a35970de-611a-416d-9028-560ce8aa169a,5a1942ac-e48b-4224-b6b1-f8f950867920,Seat 8,assigned,available,,,,2026-04-20T11:16:17.412743Z,2026-04-20T11:16:17.412743Z,
4d62d3e1-ed4b-43cd-9a9d-a4e7cb8d5469,7a400eb5-b4e0-4655-b8a7-743257303ff7,a35970de-611a-416d-9028-560ce8aa169a,5a1942ac-e48b-4224-b6b1-f8f950867920,Seat 9,assigned,available,,,,2026-04-20T11:16:17.412743Z,2026-04-20T11:16:17.412743Z,
bbe7da59-c389-44df-aa2b-62b79eff4c61,7a400eb5-b4e0-4655-b8a7-743257303ff7,a35970de-611a-416d-9028-560ce8aa169a,5a1942ac-e48b-4224-b6b1-f8f950867920,Seat 10,assigned,available,,,,2026-04-20T11:16:17.412743Z,2026-04-20T11:16:17.412743Z,
b5e46f54-8448-4062-9282-cba2de8ab5a2,7a400eb5-b4e0-4655-b8a7-743257303ff7,a35970de-611a-416d-9028-560ce8aa169a,5a1942ac-e48b-4224-b6b1-f8f950867920,Seat 11,assigned,available,,,,2026-04-20T11:16:17.412743Z,2026-04-20T11:16:17.412743Z,
b1e2b2e5-34b0-4004-bad9-307a894ba260,7a400eb5-b4e0-4655-b8a7-743257303ff7,a35970de-611a-416d-9028-560ce8aa169a,5a1942ac-e48b-4224-b6b1-f8f950867920,Seat 12,assigned,available,,,,2026-04-20T11:16:17.412743Z,2026-04-20T11:16:17.412743Z,
d09abddd-d820-4a31-961b-db11b0a7fc91,7a400eb5-b4e0-4655-b8a7-743257303ff7,a35970de-611a-416d-9028-560ce8aa169a,5a1942ac-e48b-4224-b6b1-f8f950867920,Seat 13,assigned,available,,,,2026-04-20T11:16:17.412743Z,2026-04-20T11:16:17.412743Z,
5f06130d-6b21-4eab-8197-e4731a8d4f2b,7a400eb5-b4e0-4655-b8a7-743257303ff7,a35970de-611a-416d-9028-560ce8aa169a,5a1942ac-e48b-4224-b6b1-f8f950867920,Seat 14,assigned,available,,,,2026-04-20T11:16:17.412743Z,2026-04-20T11:16:17.412743Z,
069c2732-a3e6-4d56-b3fa-24269c339a6c,7a400eb5-b4e0-4655-b8a7-743257303ff7,a35970de-611a-416d-9028-560ce8aa169a,5a1942ac-e48b-4224-b6b1-f8f950867920,Seat 15,assigned,available,,,,2026-04-20T11:16:17.412743Z,2026-04-20T11:16:17.412743Z,
40ea99f8-da42-4e4f-b776-fcc668d5af24,7a400eb5-b4e0-4655-b8a7-743257303ff7,a35970de-611a-416d-9028-560ce8aa169a,5a1942ac-e48b-4224-b6b1-f8f950867920,Seat 16,assigned,available,,,,2026-04-20T11:16:17.412743Z,2026-04-20T11:16:17.412743Z,
4ce0c560-77d1-4849-926e-95d791eed915,7a400eb5-b4e0-4655-b8a7-743257303ff7,a35970de-611a-416d-9028-560ce8aa169a,5a1942ac-e48b-4224-b6b1-f8f950867920,Seat 17,assigned,available,,,,2026-04-20T11:16:17.412743Z,2026-04-20T11:16:17.412743Z,
d661751f-9ab7-45aa-9658-ea3b7faef614,7a400eb5-b4e0-4655-b8a7-743257303ff7,a35970de-611a-416d-9028-560ce8aa169a,5a1942ac-e48b-4224-b6b1-f8f950867920,Seat 18,assigned,available,,,,2026-04-20T11:16:17.412743Z,2026-04-20T11:16:17.412743Z,
14765829-510c-4fc4-b287-2983945ca9bd,7a400eb5-b4e0-4655-b8a7-743257303ff7,a35970de-611a-416d-9028-560ce8aa169a,5a1942ac-e48b-4224-b6b1-f8f950867920,Seat 19,assigned,available,,,,2026-04-20T11:16:17.412743Z,2026-04-20T11:16:17.412743Z,
3ca9fec0-e592-4629-87c1-87ab5ba1d733,7a400eb5-b4e0-4655-b8a7-743257303ff7,a35970de-611a-416d-9028-560ce8aa169a,5a1942ac-e48b-4224-b6b1-f8f950867920,Seat 20,assigned,available,,,,2026-04-20T11:16:17.412743Z,2026-04-20T11:16:17.412743Z,
30d845a3-bea4-4af0-adeb-09f2cf2315ea,7a400eb5-b4e0-4655-b8a7-743257303ff7,a35970de-611a-416d-9028-560ce8aa169a,5a1942ac-e48b-4224-b6b1-f8f950867920,Seat 21,assigned,available,,,,2026-04-20T11:16:17.412743Z,2026-04-20T11:16:17.412743Z,
679a1aed-9f64-474b-a813-b65fcc8d9d75,7a400eb5-b4e0-4655-b8a7-743257303ff7,a35970de-611a-416d-9028-560ce8aa169a,5a1942ac-e48b-4224-b6b1-f8f950867920,Seat 22,assigned,available,,,,2026-04-20T11:16:17.412743Z,2026-04-20T11:16:17.412743Z,
68ec20a7-0e30-4206-b4e3-1e6c25704a2c,7a400eb5-b4e0-4655-b8a7-743257303ff7,a35970de-611a-416d-9028-560ce8aa169a,5a1942ac-e48b-4224-b6b1-f8f950867920,Seat 23,assigned,available,,,,2026-04-20T11:16:17.412743Z,2026-04-20T11:16:17.412743Z,
d06e8b7d-34ea-406c-8661-6bf5a06bba87,7a400eb5-b4e0-4655-b8a7-743257303ff7,a35970de-611a-416d-9028-560ce8aa169a,5a1942ac-e48b-4224-b6b1-f8f950867920,Seat 24,assigned,available,,,,2026-04-20T11:16:17.412743Z,2026-04-20T11:16:17.412743Z,
c459d2d4-348e-40a7-a532-a88b51d8b4fb,7a400eb5-b4e0-4655-b8a7-743257303ff7,a35970de-611a-416d-9028-560ce8aa169a,5a1942ac-e48b-4224-b6b1-f8f950867920,Seat 25,assigned,available,,,,2026-04-20T11:16:17.412743Z,2026-04-20T11:16:17.412743Z,
a10ddafa-4a49-41e6-be28-329fe1ff7a9d,7a400eb5-b4e0-4655-b8a7-743257303ff7,a35970de-611a-416d-9028-560ce8aa169a,5a1942ac-e48b-4224-b6b1-f8f950867920,Seat 26,assigned,available,,,,2026-04-20T11:16:17.412743Z,2026-04-20T11:16:17.412743Z,
399181e2-d9f4-4347-bd25-ed1e3096e979,6c6c7e3a-c3a4-4ee0-8206-e34798ce4afd,c95284c5-97e6-4a56-9405-646d864eff47,5a1942ac-e48b-4224-b6b1-f8f950867920,Seat 1,assigned,available,,,,2026-04-20T11:16:17.412743Z,2026-04-20T11:16:17.412743Z,
45c2cee1-acfe-4dcf-9395-be19017d4752,6c6c7e3a-c3a4-4ee0-8206-e34798ce4afd,c95284c5-97e6-4a56-9405-646d864eff47,5a1942ac-e48b-4224-b6b1-f8f950867920,Seat 2,assigned,available,,,,2026-04-20T11:16:17.412743Z,2026-04-20T11:16:17.412743Z,
b26fbd31-4013-4cec-821b-1f3bb3b89601,6c6c7e3a-c3a4-4ee0-8206-e34798ce4afd,c95284c5-97e6-4a56-9405-646d864eff47,5a1942ac-e48b-4224-b6b1-f8f950867920,Seat 3,assigned,available,,,,2026-04-20T11:16:17.412743Z,2026-04-20T11:16:17.412743Z,
1817c51e-0916-4c96-875b-36fcd035d3ca,6c6c7e3a-c3a4-4ee0-8206-e34798ce4afd,c95284c5-97e6-4a56-9405-646d864eff47,5a1942ac-e48b-4224-b6b1-f8f950867920,Seat 4,assigned,available,,,,2026-04-20T11:16:17.412743Z,2026-04-20T11:16:17.412743Z,
99a988da-9006-4eeb-b501-175c24ca6876,6c6c7e3a-c3a4-4ee0-8206-e34798ce4afd,c95284c5-97e6-4a56-9405-646d864eff47,5a1942ac-e48b-4224-b6b1-f8f950867920,Seat 5,assigned,available,,,,2026-04-20T11:16:17.412743Z,2026-04-20T11:16:17.412743Z,
61f2ebf8-c08d-4536-aa83-805b6ab6ce91,6c6c7e3a-c3a4-4ee0-8206-e34798ce4afd,c95284c5-97e6-4a56-9405-646d864eff47,5a1942ac-e48b-4224-b6b1-f8f950867920,Seat 6,assigned,available,,,,2026-04-20T11:16:17.412743Z,2026-04-20T11:16:17.412743Z,
e10520b4-0a6d-4422-a2cc-b7893380553e,6c6c7e3a-c3a4-4ee0-8206-e34798ce4afd,c95284c5-97e6-4a56-9405-646d864eff47,5a1942ac-e48b-4224-b6b1-f8f950867920,Seat 7,assigned,available,,,,2026-04-20T11:16:17.412743Z,2026-04-20T11:16:17.412743Z,
0e1783ce-2a28-4f43-813d-1041ec23a426,6c6c7e3a-c3a4-4ee0-8206-e34798ce4afd,c95284c5-97e6-4a56-9405-646d864eff47,5a1942ac-e48b-4224-b6b1-f8f950867920,Seat 8,assigned,available,,,,2026-04-20T11:16:17.412743Z,2026-04-20T11:16:17.412743Z,
91376a46-5a11-4539-9173-5eb3b7c757ec,6c6c7e3a-c3a4-4ee0-8206-e34798ce4afd,c95284c5-97e6-4a56-9405-646d864eff47,5a1942ac-e48b-4224-b6b1-f8f950867920,Seat 9,assigned,available,,,,2026-04-20T11:16:17.412743Z,2026-04-20T11:16:17.412743Z,
1e85fbef-f4e9-4593-837b-cba28aa5f65c,6c6c7e3a-c3a4-4ee0-8206-e34798ce4afd,c95284c5-97e6-4a56-9405-646d864eff47,5a1942ac-e48b-4224-b6b1-f8f950867920,Seat 10,assigned,available,,,,2026-04-20T11:16:17.412743Z,2026-04-20T11:16:17.412743Z,
e83ff027-bf9b-49ae-98f9-c9bfa51f4862,6c6c7e3a-c3a4-4ee0-8206-e34798ce4afd,c95284c5-97e6-4a56-9405-646d864eff47,5a1942ac-e48b-4224-b6b1-f8f950867920,Seat 11,assigned,available,,,,2026-04-20T11:16:17.412743Z,2026-04-20T11:16:17.412743Z,
c39a161c-6a2a-49ab-9239-532b7a2aef56,6c6c7e3a-c3a4-4ee0-8206-e34798ce4afd,c95284c5-97e6-4a56-9405-646d864eff47,5a1942ac-e48b-4224-b6b1-f8f950867920,Seat 12,assigned,available,,,,2026-04-20T11:16:17.412743Z,2026-04-20T11:16:17.412743Z,
94673f28-d585-4dea-adaa-fc7434da0c20,6c6c7e3a-c3a4-4ee0-8206-e34798ce4afd,c95284c5-97e6-4a56-9405-646d864eff47,5a1942ac-e48b-4224-b6b1-f8f950867920,Seat 13,assigned,available,,,,2026-04-20T11:16:17.412743Z,2026-04-20T11:16:17.412743Z,
6e3d30e5-8be4-4adc-aab3-206cb662ab40,6c6c7e3a-c3a4-4ee0-8206-e34798ce4afd,c95284c5-97e6-4a56-9405-646d864eff47,5a1942ac-e48b-4224-b6b1-f8f950867920,Seat 14,assigned,available,,,,2026-04-20T11:16:17.412743Z,2026-04-20T11:16:17.412743Z,
fd11ff6a-ebf2-4f30-a930-8880c3df95eb,6c6c7e3a-c3a4-4ee0-8206-e34798ce4afd,c95284c5-97e6-4a56-9405-646d864eff47,5a1942ac-e48b-4224-b6b1-f8f950867920,Seat 15,assigned,available,,,,2026-04-20T11:16:17.412743Z,2026-04-20T11:16:17.412743Z,
ffae579c-1269-47c0-89fb-089ece4cf191,8f409037-c23e-4ae1-9075-edf45efbf674,2eb0b07c-9535-47ef-b680-6ef91826d944,5a1942ac-e48b-4224-b6b1-f8f950867920,Seat 1,assigned,available,,,,2026-04-20T11:16:17.412743Z,2026-04-20T11:16:17.412743Z,
fa83d774-8059-4210-aff6-2c3f453822ad,8f409037-c23e-4ae1-9075-edf45efbf674,2eb0b07c-9535-47ef-b680-6ef91826d944,5a1942ac-e48b-4224-b6b1-f8f950867920,Seat 2,assigned,available,,,,2026-04-20T11:16:17.412743Z,2026-04-20T11:16:17.412743Z,
34e7f7e9-b4da-4acd-b047-f542331c7b5e,8f409037-c23e-4ae1-9075-edf45efbf674,2eb0b07c-9535-47ef-b680-6ef91826d944,5a1942ac-e48b-4224-b6b1-f8f950867920,Seat 3,assigned,available,,,,2026-04-20T11:16:17.412743Z,2026-04-20T11:16:17.412743Z,
72dc4819-1b23-4251-9a11-d96eabdd8440,8f409037-c23e-4ae1-9075-edf45efbf674,2eb0b07c-9535-47ef-b680-6ef91826d944,5a1942ac-e48b-4224-b6b1-f8f950867920,Seat 4,assigned,available,,,,2026-04-20T11:16:17.412743Z,2026-04-20T11:16:17.412743Z,
fa80a42b-3207-4adf-ab71-26b7fce4b1e2,8f409037-c23e-4ae1-9075-edf45efbf674,2eb0b07c-9535-47ef-b680-6ef91826d944,5a1942ac-e48b-4224-b6b1-f8f950867920,Seat 5,assigned,available,,,,2026-04-20T11:16:17.412743Z,2026-04-20T11:16:17.412743Z,
7140cdb3-43e2-4d0f-8b2f-2da65f8f2148,8f409037-c23e-4ae1-9075-edf45efbf674,2eb0b07c-9535-47ef-b680-6ef91826d944,5a1942ac-e48b-4224-b6b1-f8f950867920,Seat 6,assigned,available,,,,2026-04-20T11:16:17.412743Z,2026-04-20T11:16:17.412743Z,
3ea40a1c-9a6f-4f6a-8cfa-cc4e04155018,8f409037-c23e-4ae1-9075-edf45efbf674,2eb0b07c-9535-47ef-b680-6ef91826d944,5a1942ac-e48b-4224-b6b1-f8f950867920,Seat 7,assigned,available,,,,2026-04-20T11:16:17.412743Z,2026-04-20T11:16:17.412743Z,
7d211788-5a64-4198-9ec1-82db6f521d62,8f409037-c23e-4ae1-9075-edf45efbf674,2eb0b07c-9535-47ef-b680-6ef91826d944,5a1942ac-e48b-4224-b6b1-f8f950867920,Seat 8,assigned,available,,,,2026-04-20T11:16:17.412743Z,2026-04-20T11:16:17.412743Z,
c0cab941-6d8e-4a93-9582-7d3efac7f6a3,8f409037-c23e-4ae1-9075-edf45efbf674,2eb0b07c-9535-47ef-b680-6ef91826d944,5a1942ac-e48b-4224-b6b1-f8f950867920,Seat 9,assigned,available,,,,2026-04-20T11:16:17.412743Z,2026-04-20T11:16:17.412743Z,
e6d47784-4e70-4a26-8441-9da5f0f3a82a,8f409037-c23e-4ae1-9075-edf45efbf674,2eb0b07c-9535-47ef-b680-6ef91826d944,5a1942ac-e48b-4224-b6b1-f8f950867920,Seat 10,assigned,available,,,,2026-04-20T11:16:17.412743Z,2026-04-20T11:16:17.412743Z,
df071d62-bcf5-4cbb-9e02-18daceae93cd,8f409037-c23e-4ae1-9075-edf45efbf674,2eb0b07c-9535-47ef-b680-6ef91826d944,5a1942ac-e48b-4224-b6b1-f8f950867920,Seat 11,assigned,available,,,,2026-04-20T11:16:17.412743Z,2026-04-20T11:16:17.412743Z,
50fe16a1-898b-4f2d-bf09-b2a70ff4ac97,8f409037-c23e-4ae1-9075-edf45efbf674,2eb0b07c-9535-47ef-b680-6ef91826d944,5a1942ac-e48b-4224-b6b1-f8f950867920,Seat 12,assigned,available,,,,2026-04-20T11:16:17.412743Z,2026-04-20T11:16:17.412743Z,
d144f7c2-1156-4514-a98d-d13d871bd43d,8f409037-c23e-4ae1-9075-edf45efbf674,2eb0b07c-9535-47ef-b680-6ef91826d944,5a1942ac-e48b-4224-b6b1-f8f950867920,Seat 13,assigned,available,,,,2026-04-20T11:16:17.412743Z,2026-04-20T11:16:17.412743Z,
abec0392-def3-4382-ba5d-9271fb0f6f5c,8f409037-c23e-4ae1-9075-edf45efbf674,2eb0b07c-9535-47ef-b680-6ef91826d944,5a1942ac-e48b-4224-b6b1-f8f950867920,Seat 14,assigned,available,,,,2026-04-20T11:16:17.412743Z,2026-04-20T11:16:17.412743Z,
7ecdf0be-69e5-46a6-8a9f-37c04116d6ac,8f409037-c23e-4ae1-9075-edf45efbf674,2eb0b07c-9535-47ef-b680-6ef91826d944,5a1942ac-e48b-4224-b6b1-f8f950867920,Seat 15,assigned,available,,,,2026-04-20T11:16:17.412743Z,2026-04-20T11:16:17.412743Z,
68ec89a4-3cec-4204-a660-228bbb93f169,8f409037-c23e-4ae1-9075-edf45efbf674,2eb0b07c-9535-47ef-b680-6ef91826d944,5a1942ac-e48b-4224-b6b1-f8f950867920,Seat 16,assigned,available,,,,2026-04-20T11:16:17.412743Z,2026-04-20T11:16:17.412743Z,
ddf05c90-3ca8-4fb5-9ddf-b4aeb2dff4b4,8f409037-c23e-4ae1-9075-edf45efbf674,2eb0b07c-9535-47ef-b680-6ef91826d944,5a1942ac-e48b-4224-b6b1-f8f950867920,Seat 17,assigned,available,,,,2026-04-20T11:16:17.412743Z,2026-04-20T11:16:17.412743Z,
05df6eef-aeaf-42d2-8f1e-9a30d14f5d2a,8f409037-c23e-4ae1-9075-edf45efbf674,2eb0b07c-9535-47ef-b680-6ef91826d944,5a1942ac-e48b-4224-b6b1-f8f950867920,Seat 18,assigned,available,,,,2026-04-20T11:16:17.412743Z,2026-04-20T11:16:17.412743Z,
47c793fc-1b6d-41e9-955b-2996eb84bee9,8f409037-c23e-4ae1-9075-edf45efbf674,2eb0b07c-9535-47ef-b680-6ef91826d944,5a1942ac-e48b-4224-b6b1-f8f950867920,Seat 19,assigned,available,,,,2026-04-20T11:16:17.412743Z,2026-04-20T11:16:17.412743Z,
eaf9c809-be83-459d-ad54-4fab378aff2e,8f409037-c23e-4ae1-9075-edf45efbf674,2eb0b07c-9535-47ef-b680-6ef91826d944,5a1942ac-e48b-4224-b6b1-f8f950867920,Seat 20,assigned,available,,,,2026-04-20T11:16:17.412743Z,2026-04-20T11:16:17.412743Z,
005ba01f-8e4b-40f8-b852-2c9f6a7b8a4e,8f409037-c23e-4ae1-9075-edf45efbf674,2eb0b07c-9535-47ef-b680-6ef91826d944,5a1942ac-e48b-4224-b6b1-f8f950867920,Seat 21,assigned,available,,,,2026-04-20T11:16:17.412743Z,2026-04-20T11:16:17.412743Z,
44711205-839e-40ae-9b24-9a33bbb04ade,583eb482-e88e-4d74-8a0f-7e27d032b0dd,a35970de-611a-416d-9028-560ce8aa169a,5a1942ac-e48b-4224-b6b1-f8f950867920,Seat 1,assigned,available,,,,2026-04-20T11:16:17.412743Z,2026-04-20T11:16:17.412743Z,
19baf001-083e-40e0-a1f6-cb79124b6039,583eb482-e88e-4d74-8a0f-7e27d032b0dd,a35970de-611a-416d-9028-560ce8aa169a,5a1942ac-e48b-4224-b6b1-f8f950867920,Seat 2,assigned,available,,,,2026-04-20T11:16:17.412743Z,2026-04-20T11:16:17.412743Z,
189d8100-b0a8-494e-939b-6f899ae187a5,583eb482-e88e-4d74-8a0f-7e27d032b0dd,a35970de-611a-416d-9028-560ce8aa169a,5a1942ac-e48b-4224-b6b1-f8f950867920,Seat 3,assigned,available,,,,2026-04-20T11:16:17.412743Z,2026-04-20T11:16:17.412743Z,
d1d78cfd-d812-420a-ba10-db455c2ce502,583eb482-e88e-4d74-8a0f-7e27d032b0dd,a35970de-611a-416d-9028-560ce8aa169a,5a1942ac-e48b-4224-b6b1-f8f950867920,Seat 4,assigned,available,,,,2026-04-20T11:16:17.412743Z,2026-04-20T11:16:17.412743Z,
f39fdb04-7358-4767-9c89-562c4fc639db,583eb482-e88e-4d74-8a0f-7e27d032b0dd,a35970de-611a-416d-9028-560ce8aa169a,5a1942ac-e48b-4224-b6b1-f8f950867920,Seat 5,assigned,available,,,,2026-04-20T11:16:17.412743Z,2026-04-20T11:16:17.412743Z,
019747c9-f9f4-417d-9fb0-3dd6e20ec1d4,583eb482-e88e-4d74-8a0f-7e27d032b0dd,a35970de-611a-416d-9028-560ce8aa169a,5a1942ac-e48b-4224-b6b1-f8f950867920,Seat 6,assigned,available,,,,2026-04-20T11:16:17.412743Z,2026-04-20T11:16:17.412743Z,
94b54d7c-44f4-4115-87bf-dd21b673f5f2,583eb482-e88e-4d74-8a0f-7e27d032b0dd,a35970de-611a-416d-9028-560ce8aa169a,5a1942ac-e48b-4224-b6b1-f8f950867920,Seat 7,assigned,available,,,,2026-04-20T11:16:17.412743Z,2026-04-20T11:16:17.412743Z,
689635d8-eefd-4118-a1d7-394ce41da373,583eb482-e88e-4d74-8a0f-7e27d032b0dd,a35970de-611a-416d-9028-560ce8aa169a,5a1942ac-e48b-4224-b6b1-f8f950867920,Seat 8,assigned,available,,,,2026-04-20T11:16:17.412743Z,2026-04-20T11:16:17.412743Z,
399e3d43-eb69-4f44-9b2e-ac0cd38814fb,583eb482-e88e-4d74-8a0f-7e27d032b0dd,a35970de-611a-416d-9028-560ce8aa169a,5a1942ac-e48b-4224-b6b1-f8f950867920,Seat 9,assigned,available,,,,2026-04-20T11:16:17.412743Z,2026-04-20T11:16:17.412743Z,
8415a448-da6a-4a21-af8b-a0dde63ceaec,583eb482-e88e-4d74-8a0f-7e27d032b0dd,a35970de-611a-416d-9028-560ce8aa169a,5a1942ac-e48b-4224-b6b1-f8f950867920,Seat 10,assigned,available,,,,2026-04-20T11:16:17.412743Z,2026-04-20T11:16:17.412743Z,
9639dea5-c2f3-496b-a185-360d1bf16a66,583eb482-e88e-4d74-8a0f-7e27d032b0dd,a35970de-611a-416d-9028-560ce8aa169a,5a1942ac-e48b-4224-b6b1-f8f950867920,Seat 11,assigned,available,,,,2026-04-20T11:16:17.412743Z,2026-04-20T11:16:17.412743Z,
92f90050-1b70-4b35-837f-78a808d32bd5,583eb482-e88e-4d74-8a0f-7e27d032b0dd,a35970de-611a-416d-9028-560ce8aa169a,5a1942ac-e48b-4224-b6b1-f8f950867920,Seat 12,assigned,available,,,,2026-04-20T11:16:17.412743Z,2026-04-20T11:16:17.412743Z,
873afcda-75d1-4101-9feb-c51982669130,583eb482-e88e-4d74-8a0f-7e27d032b0dd,a35970de-611a-416d-9028-560ce8aa169a,5a1942ac-e48b-4224-b6b1-f8f950867920,Seat 13,assigned,available,,,,2026-04-20T11:16:17.412743Z,2026-04-20T11:16:17.412743Z,
3941d586-d556-4b9c-babe-a408732aaf45,583eb482-e88e-4d74-8a0f-7e27d032b0dd,a35970de-611a-416d-9028-560ce8aa169a,5a1942ac-e48b-4224-b6b1-f8f950867920,Seat 14,assigned,available,,,,2026-04-20T11:16:17.412743Z,2026-04-20T11:16:17.412743Z,
054ecd83-c45b-45e8-ae8c-60b31e053fdd,583eb482-e88e-4d74-8a0f-7e27d032b0dd,a35970de-611a-416d-9028-560ce8aa169a,5a1942ac-e48b-4224-b6b1-f8f950867920,Seat 15,assigned,available,,,,2026-04-20T11:16:17.412743Z,2026-04-20T11:16:17.412743Z,
4c6c7897-61e5-4278-b949-ac25b66f53e4,583eb482-e88e-4d74-8a0f-7e27d032b0dd,a35970de-611a-416d-9028-560ce8aa169a,5a1942ac-e48b-4224-b6b1-f8f950867920,Seat 16,assigned,available,,,,2026-04-20T11:16:17.412743Z,2026-04-20T11:16:17.412743Z,
2419f3e0-7935-49d5-9d5d-3b7f39e14a26,583eb482-e88e-4d74-8a0f-7e27d032b0dd,a35970de-611a-416d-9028-560ce8aa169a,5a1942ac-e48b-4224-b6b1-f8f950867920,Seat 17,assigned,available,,,,2026-04-20T11:16:17.412743Z,2026-04-20T11:16:17.412743Z,
8b5dbe56-6814-4915-87aa-b92ae000cfc8,583eb482-e88e-4d74-8a0f-7e27d032b0dd,a35970de-611a-416d-9028-560ce8aa169a,5a1942ac-e48b-4224-b6b1-f8f950867920,Seat 18,assigned,available,,,,2026-04-20T11:16:17.412743Z,2026-04-20T11:16:17.412743Z,
fd8153f2-8f0e-4dd8-9845-6c5cd354311d,583eb482-e88e-4d74-8a0f-7e27d032b0dd,a35970de-611a-416d-9028-560ce8aa169a,5a1942ac-e48b-4224-b6b1-f8f950867920,Seat 19,assigned,available,,,,2026-04-20T11:16:17.412743Z,2026-04-20T11:16:17.412743Z,
2d8ca594-c3f6-4240-a2df-f2617c89280f,583eb482-e88e-4d74-8a0f-7e27d032b0dd,a35970de-611a-416d-9028-560ce8aa169a,5a1942ac-e48b-4224-b6b1-f8f950867920,Seat 20,assigned,available,,,,2026-04-20T11:16:17.412743Z,2026-04-20T11:16:17.412743Z,
776193a2-4d72-474e-a48b-82e2f88ec379,583eb482-e88e-4d74-8a0f-7e27d032b0dd,a35970de-611a-416d-9028-560ce8aa169a,5a1942ac-e48b-4224-b6b1-f8f950867920,Seat 21,assigned,available,,,,2026-04-20T11:16:17.412743Z,2026-04-20T11:16:17.412743Z,
8bd7358c-3720-4680-974e-4e11c6514468,583eb482-e88e-4d74-8a0f-7e27d032b0dd,a35970de-611a-416d-9028-560ce8aa169a,5a1942ac-e48b-4224-b6b1-f8f950867920,Seat 22,assigned,available,,,,2026-04-20T11:16:17.412743Z,2026-04-20T11:16:17.412743Z,
2fe69796-a53d-4355-96fd-5f3d657581bc,583eb482-e88e-4d74-8a0f-7e27d032b0dd,a35970de-611a-416d-9028-560ce8aa169a,5a1942ac-e48b-4224-b6b1-f8f950867920,Seat 23,assigned,available,,,,2026-04-20T11:16:17.412743Z,2026-04-20T11:16:17.412743Z,
382ec3ad-ab5e-416e-9225-8d9e55ba18cd,583eb482-e88e-4d74-8a0f-7e27d032b0dd,a35970de-611a-416d-9028-560ce8aa169a,5a1942ac-e48b-4224-b6b1-f8f950867920,Seat 24,assigned,available,,,,2026-04-20T11:16:17.412743Z,2026-04-20T11:16:17.412743Z,
6dfce774-7b78-4803-86fb-988e134e7201,583eb482-e88e-4d74-8a0f-7e27d032b0dd,a35970de-611a-416d-9028-560ce8aa169a,5a1942ac-e48b-4224-b6b1-f8f950867920,Seat 25,assigned,available,,,,2026-04-20T11:16:17.412743Z,2026-04-20T11:16:17.412743Z,
46ed1298-da95-44b7-82e0-24bcea94b242,583eb482-e88e-4d74-8a0f-7e27d032b0dd,a35970de-611a-416d-9028-560ce8aa169a,5a1942ac-e48b-4224-b6b1-f8f950867920,Seat 26,assigned,available,,,,2026-04-20T11:16:17.412743Z,2026-04-20T11:16:17.412743Z,
eb272ef8-f25d-40e8-b8f1-176c2aff3841,583eb482-e88e-4d74-8a0f-7e27d032b0dd,a35970de-611a-416d-9028-560ce8aa169a,5a1942ac-e48b-4224-b6b1-f8f950867920,Seat 27,assigned,available,,,,2026-04-20T11:16:17.412743Z,2026-04-20T11:16:17.412743Z,
1b3ffcd7-2cc1-4eb0-a16d-fc997f7e4f08,583eb482-e88e-4d74-8a0f-7e27d032b0dd,a35970de-611a-416d-9028-560ce8aa169a,5a1942ac-e48b-4224-b6b1-f8f950867920,Seat 28,assigned,available,,,,2026-04-20T11:16:17.412743Z,2026-04-20T11:16:17.412743Z,
8c6290f7-4e27-4f40-9e18-231d42d525d1,583eb482-e88e-4d74-8a0f-7e27d032b0dd,a35970de-611a-416d-9028-560ce8aa169a,5a1942ac-e48b-4224-b6b1-f8f950867920,Seat 29,assigned,available,,,,2026-04-20T11:16:17.412743Z,2026-04-20T11:16:17.412743Z,
b6807fba-8d63-43a0-8d50-288f35b29b12,583eb482-e88e-4d74-8a0f-7e27d032b0dd,a35970de-611a-416d-9028-560ce8aa169a,5a1942ac-e48b-4224-b6b1-f8f950867920,Seat 30,assigned,available,,,,2026-04-20T11:16:17.412743Z,2026-04-20T11:16:17.412743Z,
